NAME,MANUFACTURER,BRAND,USE,OPERATION,LOCATION,MULL-TYPE,PREFIX,SUFFIX,WIDTH_MM,U_VALUE_W_M2K,PSI_G_W_MK,SOURCE,DATASHEET,LINK,COMMENTS,WIDTH_IN,U_VALUE_BTU_HR_FT2_F,PSI_G_BTU_HR_FT_F,MATERIAL
Alpen | Tyrol | Door | Inswing | Head,Alpen,Tyrol,Door,Inswing,Head,,,,141.900,0.8884,0.032,,Tyrol PH - Swinging Door - Head.pdf (https://v5.airtableusercontent.com/v3/u/54/54/1780603200000/HY-xaluv86vs4Nj2cPbivQ/DhDvGuxVggyrJ_oENzMV9Eq1P72OiRMO2z4WTDfd3WShBmdEJl5Fe_qTWcjmVn0QK6OPrisPn1Rs0gFQiNY_3DfpzAw7owj2NYe3pScAHkmIdmnfMZlxN1Wj53zFx-cZo95HHUvJlsa8mqLRgQScP9amtLED3WP8Bz6Y-U2AybG24S8g-UeNy-RdLyEWYjKf/lz-sbO0E91d7gy4dtCpCwBn4wHPtqusjxIrIFV1ehEc),,,5.587,0.156,0.018,
Alpen | Tyrol | Door | Inswing | Jamb,Alpen,Tyrol,Door,Inswing,Jamb,,,,141.900,0.8884,0.032,,Tyrol PH - Swinging Door - Head.pdf (https://v5.airtableusercontent.com/v3/u/54/54/1780603200000/HY-xaluv86vs4Nj2cPbivQ/DhDvGuxVggyrJ_oENzMV9Eq1P72OiRMO2z4WTDfd3WShBmdEJl5Fe_qTWcjmVn0QK6OPrisPn1Rs0gFQiNY_3DfpzAw7owj2NYe3pScAHkmIdmnfMZlxN1Wj53zFx-cZo95HHUvJlsa8mqLRgQScP9amtLED3WP8Bz6Y-U2AybG24S8g-UeNy-RdLyEWYjKf/lz-sbO0E91d7gy4dtCpCwBn4wHPtqusjxIrIFV1ehEc),,,5.587,0.156,0.018,
Alpen | Tyrol | Door | Inswing | Sill,Alpen,Tyrol,Door,Inswing,Sill,,,,121.300,1.6900,0.032,,Tyrol PH - Swinging Door - Sill.pdf (https://v5.airtableusercontent.com/v3/u/54/54/1780603200000/IcPpHxr48NiV25djjoBvYA/JM46zeY_YEx5rxryoKMIIf9DetkKgwXk-uwP41-OFQEf3vMYsQlC8fXkuJqnKoQpvZCQ_Nynt5JUq0g8jHcx95wy1PTnugk1uDFyQog7tnsD3tlzOvd6kYcOH2EzkrraTKi-JWLTZGFNgXJmtAfkaTAGy54FUcLcTc9GebD_1Edh1-Xp4kKcRs7iQahfKXdi/4wwmBDadzff7dlhyYZclQTtEihu_46OOgNmXcCZJhhA),,,4.776,0.298,0.018,
Alpen | Tyrol | Window | Casement | Head,Alpen,Tyrol,Window,Casement,Head,,,,109.500,0.9752,0.025,,Tyrol PH - Operable - Typ.pdf (https://v5.airtableusercontent.com/v3/u/54/54/1780603200000/RAGZ3n5DCUtq3B0AaFGsfQ/2C7sKFWujRH5MdjGj78cq9B8fD6JTcdXvgr78Lv7OSBK9QkAiSz0bUXzuodQsTb6MgIBNIi5GTbjO8Qo9P84kGTfZWjPPNmE00CbrznusAsh31Kxe_zEEer9mlw1JbcFOtHjn2vxbgTzJelCxuvi5OG0UtAQW4SLYCOc2lqFldE/gH1f4NRkSkHXKD6_4EAO-4d0OOFRWpJ8ORAxlF0PsD4),,,4.311,0.172,0.014,
Alpen | Tyrol | Window | Casement | Jamb,Alpen,Tyrol,Window,Casement,Jamb,,,,109.500,0.9752,0.025,,Tyrol PH - Operable - Typ.pdf (https://v5.airtableusercontent.com/v3/u/54/54/1780603200000/RAGZ3n5DCUtq3B0AaFGsfQ/2C7sKFWujRH5MdjGj78cq9B8fD6JTcdXvgr78Lv7OSBK9QkAiSz0bUXzuodQsTb6MgIBNIi5GTbjO8Qo9P84kGTfZWjPPNmE00CbrznusAsh31Kxe_zEEer9mlw1JbcFOtHjn2vxbgTzJelCxuvi5OG0UtAQW4SLYCOc2lqFldE/gH1f4NRkSkHXKD6_4EAO-4d0OOFRWpJ8ORAxlF0PsD4),,,4.311,0.172,0.014,
Alpen | Tyrol | Window | Casement | Mull-V | OP-to-OP,Alpen,Tyrol,Window,Casement,Mull-V,OP-to-OP,,,109.950,1.2870,0.027,,Tyrol PH - Operable-to-Operable - Vertical Mullion.pdf (https://v5.airtableusercontent.com/v3/u/54/54/1780603200000/Zwwq-FwDD_HyT5i72kUxxw/E644jcI44mz4xqMjWe6fvOz-dsY6IXFFxBwtvq28NpJFE4_RL-f0cx0N6jdcuaj56whpLrKfqkxAGHD4mkIrbV8JkbpN5Gz95mlwqLdupl5xVFElvQTwKEqaS2uPw91qXHGOw8NDjLNtqZgL6Q6gc6cK6wDQmuUW1oZJjpmzOojUS-4hp4dtjyJ0jYUPyGOeWEpY5MV3knPwganlET393Q/fjQ_R8wrSijGpyUTEBff2DgtF2zj51aL_uIGDsu478I),,,4.329,0.227,0.015,
Alpen | Tyrol | Window | Casement | Sill,Alpen,Tyrol,Window,Casement,Sill,,,,109.500,0.9752,0.025,,Tyrol PH - Operable - Typ.pdf (https://v5.airtableusercontent.com/v3/u/54/54/1780603200000/RAGZ3n5DCUtq3B0AaFGsfQ/2C7sKFWujRH5MdjGj78cq9B8fD6JTcdXvgr78Lv7OSBK9QkAiSz0bUXzuodQsTb6MgIBNIi5GTbjO8Qo9P84kGTfZWjPPNmE00CbrznusAsh31Kxe_zEEer9mlw1JbcFOtHjn2vxbgTzJelCxuvi5OG0UtAQW4SLYCOc2lqFldE/gH1f4NRkSkHXKD6_4EAO-4d0OOFRWpJ8ORAxlF0PsD4),,,4.311,0.172,0.014,
Alpen | Tyrol | Window | Fixed | Head,Alpen,Tyrol,Window,Fixed,Head,,,,69.000,0.8842,0.024,,TyrolPH-Fixed-Typ.pdf (https://v5.airtableusercontent.com/v3/u/54/54/1780603200000/GLWB4HDkpNhgPf0RayJ1Mw/mGZGSb9SMZm5DMvmGleplLZ481kCbv4z7zd-K-SXTD78Vxu_02X8-D1QL9h_b7CPfnHGoE_vdQxaH4B7hb4fN6lVCoMbjXnmM6CkfhI-wHb3qZasRQBuKUvXgv82XZXEpjA7g4zSc6kJjHNZI-tc-q-olSUWI00lK7HorPsqR9g/3dGfJOZjcuvptValbhgq1GXL3QL6qxqtYue9MPZtf-A),,,2.717,0.156,0.014,
Alpen | Tyrol | Window | Fixed | Jamb,Alpen,Tyrol,Window,Fixed,Jamb,,,,69.000,0.8842,0.024,,TyrolPH-Fixed-Typ.pdf (https://v5.airtableusercontent.com/v3/u/54/54/1780603200000/GLWB4HDkpNhgPf0RayJ1Mw/mGZGSb9SMZm5DMvmGleplLZ481kCbv4z7zd-K-SXTD78Vxu_02X8-D1QL9h_b7CPfnHGoE_vdQxaH4B7hb4fN6lVCoMbjXnmM6CkfhI-wHb3qZasRQBuKUvXgv82XZXEpjA7g4zSc6kJjHNZI-tc-q-olSUWI00lK7HorPsqR9g/3dGfJOZjcuvptValbhgq1GXL3QL6qxqtYue9MPZtf-A),,,2.717,0.156,0.014,
Alpen | Tyrol | Window | Fixed | Sill,Alpen,Tyrol,Window,Fixed,Sill,,,,69.000,0.8842,0.024,,TyrolPH-Fixed-Typ.pdf (https://v5.airtableusercontent.com/v3/u/54/54/1780603200000/GLWB4HDkpNhgPf0RayJ1Mw/mGZGSb9SMZm5DMvmGleplLZ481kCbv4z7zd-K-SXTD78Vxu_02X8-D1QL9h_b7CPfnHGoE_vdQxaH4B7hb4fN6lVCoMbjXnmM6CkfhI-wHb3qZasRQBuKUvXgv82XZXEpjA7g4zSc6kJjHNZI-tc-q-olSUWI00lK7HorPsqR9g/3dGfJOZjcuvptValbhgq1GXL3QL6qxqtYue9MPZtf-A),,,2.717,0.156,0.014,
Alpen | Zenith | Lift & Slide | Fixed | Head,Alpen,Zenith,Lift & Slide,Fixed,Head,,,,129.500,1.6860,0.028,,Zenith Sliding Door - Fixed - Head.pdf (https://v5.airtableusercontent.com/v3/u/54/54/1780603200000/IfmrB9qIfcVQMkfF_-xDyw/UmhjTsih60zmLuvV9-p9rWVVa96zmgepDerA-R5C2QwWE3ENJip3KaKimPZn2N_w1EzFdOtOx5tB4dRtmiss_ahlTlecCRgXUGWVP9nETKcfo8s-8WwIfuhh-SvVyrBrIrR3jqBHtbXOFWDgL9s1PNiDMwX1nUkrJeRWQ6oiHVlqYeq2jqRkym9Kpj_s-itH/68Syo3w1Cn2MAQvHeOPf558ydEVBX3CubPHWORiaVHk),,,5.098,0.297,0.016,
Alpen | Zenith | Lift & Slide | Fixed | Jamb,Alpen,Zenith,Lift & Slide,Fixed,Jamb,,,,110.900,1.5070,0.036,,Zenith Sliding Door - Fixed - Jamb.pdf (https://v5.airtableusercontent.com/v3/u/54/54/1780603200000/UcFQt_1z_bs-N9pwJcrrNw/nePpYdIHpRHWuX_oTx4_FDnT4pqqOqvBh1hqTr0ucAJu0yBJh5D9hbiRk2f2Rw2vopfoSnRcezGscYeXyt6ghHJrSCW50LXzGVDk5E4XIZ2C3JwkntWBsnVwqYBcvCA5DS7YrVEf-xDg27kbtOQckYHu7uzleLQJF9SAsByFExh3HdWHXcvL2-FFSVlx4oUg/e5FeEAL1-RJ5OVhciK3S3o-coinxpPKgEOJ-E0yCUJE),,,4.366,0.265,0.021,
Alpen | Zenith | Lift & Slide | Fixed | Mull-V | OP-to-FX,Alpen,Zenith,Lift & Slide,Fixed,Mull-V,OP-to-FX,,,44.550,1.5180,0.034,,Zenith Sliding Door - Meeting Rail.pdf (https://v5.airtableusercontent.com/v3/u/54/54/1780603200000/f9QjUA-cDLptY5dB4PDFHw/WNceh5S7JmgsUIreUAlYHDehG4oM766mH63k2ELKV4tafbCkGcxZl3yscSgijzQOdQ1ENTx9Yjw21k1ZwcE3oKuCpCJPme-JFfS6z2XVHZtTUjk2S_ucCuAS24hYHNldx8voOMKTsDnpFILv4rQ9JZPXxRuEK-UOnwMxmWjrpOczN9sxcul-GML0GXcgxBaN/knEScSdGQm7k74KDKuea5vwGfAxgZlGhpFhBABcBu2Q),,,1.754,0.267,0.020,
Alpen | Zenith | Lift & Slide | Fixed | Sill,Alpen,Zenith,Lift & Slide,Fixed,Sill,,,,123.200,1.8800,0.037,,Zenith Sliding Door - Fixed - Sill.pdf (https://v5.airtableusercontent.com/v3/u/54/54/1780603200000/4lSc2IQlRXWmyYk7P78ZLA/nuVQt675aybaUnTImmMe4Og1-FUjFpNuuYuxwm5SQCr7d3amqMCwcGwkjeuufW9q06xiDOBR5YP0AOw4ZrmJO48UGu1Ohd115ToGzbIgGiLVMy_N4XvYZbTg25yqnbAilmupuTPeizruy7WuyNikRlAy6OJJibSsS8myI6EbG5QuwlXfsqoa1ezDWrC4WpcN/rmkg9FKSufapazr5UXID7bBLNT8gA3fQ_0JG3_qorhc),,,4.850,0.331,0.021,
Alpen | Zenith | Lift & Slide | Sliding | Head,Alpen,Zenith,Lift & Slide,Sliding,Head,,,,129.500,1.6980,0.037,,Zenith Sliding Door - Operable - Head.pdf (https://v5.airtableusercontent.com/v3/u/54/54/1780603200000/6Y_j9D5u2zlR4Dva8dt_0w/RbLN2B25hkeB6DwJtNTxkV3C6yuEMMmC14Zr4ucdXD57NbVyvicBeR2FDNwdcUUS6p_L2l5eZD3CsZenJWW5rtrSOAQC0FzyEf9zygV4srUIduMX_LzlCYVpj-OUUAlQ2StqTibOGrb19JTdq7nmgKTRCqtSvRAgpaFb1pMJzZl5PBjWMwmrXl7c4-B5nY8l/LVMQeWkTHT6mbs1tf_cMRTZUTxrLvB6bFJNPKAP2lu0),,,5.098,0.299,0.021,
Alpen | Zenith | Lift & Slide | Sliding | Jamb,Alpen,Zenith,Lift & Slide,Sliding,Jamb,,,,129.500,1.6980,0.037,,Zenith Sliding Door - Operable - Jamb.pdf (https://v5.airtableusercontent.com/v3/u/54/54/1780603200000/0bagGE-djbZ47YmT5n4f3g/T5VNLX8K_B00BM2M_3bHSXM8KavAOAsW4TaV2Bv_c3kUGlHPtusvIJUT5J5Zkli3YUAGyLcLGqfBFyqMnIrIwE2lvzgFpOLaGSEgX-NZ7POls2M36F5ikgdTD50SFJa3_4Tp3DsuURIOxTIu8HxsIb5EGlEPy6m4vj-meSV_LY-5CxhKB0fLbMMOcm1TndHG/ENPYlmip8lQUpxtLVlVRBKkpZ90iAHp7szp8MlxK2Vs),,,5.098,0.299,0.021,
Alpen | Zenith | Lift & Slide | Sliding | Mull-V | OP-to-FX,Alpen,Zenith,Lift & Slide,Sliding,Mull-V,OP-to-FX,,,44.550,1.5180,0.034,,Zenith Sliding Door - Meeting Rail.pdf (https://v5.airtableusercontent.com/v3/u/54/54/1780603200000/7r_UK50SKzybOTb0CI6RXw/0k3m-cFuuvJRy4UdJyZfKqX6RTscA6AFxAenfagQ_N1ynx7is5D4QaamWczQz2Loiw0JO-P9znUrF_9WWsVNNfq07oMlmrLEr7ze-S28otapZw6iGnkguTY0csV7QFB5-PLlMobFIGjEyXQ3gLzVq67AP9bELHZujSjBKwfFnasfdKgnzuG-sxkt7ouYVkAZ/TFwWQ0OgKlsorTJGcJRlW9UxqPT1Ni1c1YL_6aDHzxE),,,1.754,0.267,0.020,
Alpen | Zenith | Lift & Slide | Sliding | Sill,Alpen,Zenith,Lift & Slide,Sliding,Sill,,,,123.200,1.7670,0.037,,Zenith Sliding Door - Operable - Sill.pdf (https://v5.airtableusercontent.com/v3/u/54/54/1780603200000/3rX95UAgkQR-Yl8RZx6ORQ/MzWWYW3tPj99NmmN4Sp3XouxQ94BMNUf8GNUOAkAM7Y3GLIYlwSHmCQsAoOkvuoLpdvd_OoyCFt6A4bScFRsLAdhUpDyqCQuxEfVeosMF3Fz8Zb68hGBUcGuiPHJWImQJhKcfVxz1d0cITFx4iv0OyMWT5vGLfZEc1FCRYl8Ywg8yDxwEHMap5X0ewfyCfo8/HAIz_W2pq6iY4b0kMCZHp-EmvMJ5w2dWt7z3ARXrRlU),,,4.850,0.311,0.021,
Curries | Mercury | Door | Outswing | Head,Curries,Mercury,Door,Outswing,Head,,,,67.000,1.9310,0.261,,AADSS1056221.pdf (https://v5.airtableusercontent.com/v3/u/54/54/1780603200000/NguHkO7UpiKObYS7QhYlrA/W9dbqA8EPWC3Jr17d16fLUfo-ALxN1NRZsJfxqIbX3bPVGnO64zMbsuCBuLjFDCNuKZzb2DMUC_cSx26k2ED04oqZjN_1i0_ZFN18K7q_IfycxrvPGYVPZTK9RPx92KDUVjJ5cbn7z1XW_7gZhgfHFxLeD0v_c-Fe9fXXcE5VnY/Hp5GOb5EJNf4t00TlJeZd2wumMysxvN2j6WHt7c4MG8),https://www.curries.com/en/products/frames/product-details.aehpdp-mercury-thermal-break-frames-door_group_curries_227309,,2.638,0.340,0.151,
Curries | Mercury | Door | Outswing | Jamb,Curries,Mercury,Door,Outswing,Jamb,,,,67.000,1.9310,0.226,,AADSS1056221.pdf (https://v5.airtableusercontent.com/v3/u/54/54/1780603200000/NguHkO7UpiKObYS7QhYlrA/W9dbqA8EPWC3Jr17d16fLUfo-ALxN1NRZsJfxqIbX3bPVGnO64zMbsuCBuLjFDCNuKZzb2DMUC_cSx26k2ED04oqZjN_1i0_ZFN18K7q_IfycxrvPGYVPZTK9RPx92KDUVjJ5cbn7z1XW_7gZhgfHFxLeD0v_c-Fe9fXXcE5VnY/Hp5GOb5EJNf4t00TlJeZd2wumMysxvN2j6WHt7c4MG8),https://www.curries.com/en/products/frames/product-details.aehpdp-mercury-thermal-break-frames-door_group_curries_227309,,2.638,0.340,0.131,
Curries | Mercury | Door | Outswing | Sill,Curries,Mercury,Door,Outswing,Sill,,,,12.954,1.9310,0.291,,AADSS1056221.pdf (https://v5.airtableusercontent.com/v3/u/54/54/1780603200000/NguHkO7UpiKObYS7QhYlrA/W9dbqA8EPWC3Jr17d16fLUfo-ALxN1NRZsJfxqIbX3bPVGnO64zMbsuCBuLjFDCNuKZzb2DMUC_cSx26k2ED04oqZjN_1i0_ZFN18K7q_IfycxrvPGYVPZTK9RPx92KDUVjJ5cbn7z1XW_7gZhgfHFxLeD0v_c-Fe9fXXcE5VnY/Hp5GOb5EJNf4t00TlJeZd2wumMysxvN2j6WHt7c4MG8),https://www.curries.com/en/products/frames/product-details.aehpdp-mercury-thermal-break-frames-door_group_curries_227309,,0.510,0.340,0.168,
Default,Default,,,,,,,,100.000,1.0000,0.040,,,,Default,3.937,0.176,0.023,
Internorm | HF510 - Home Pure | Window | Fixed | Head,Internorm,HF510 - Home Pure,Window,Fixed,Head,,,,99.000,0.9400,0.040,Manufacturer,Internorm - HF-510 - Typical.pdf (https://v5.airtableusercontent.com/v3/u/54/54/1780603200000/aBEYWTxy_AMzGsOZ3qn6YQ/qwKXdXX5vCCCwYgDZRD_Fyo82dTThpXm9Oj00Wh_7qiipKPLV8mbC99EmtSVCOQAeV3Sga4l_PrvNd3-yaNmEaVOl1Ao7jRuYvzR228OWyM3mryTYZcbwUYgmFKFLN4ZCkegso-mh6ceBjlR-k_h0NGPY6DB-3XgxcfB0XGUejiILOyPuGU3atwnEuPKC5jB/gEcYaqjWgBHcILFU2tWOTNksaUQN1E9o9gZSGHKoJ2Y),,,3.898,0.166,0.023,
Internorm | HF510 - Home Pure | Window | Fixed | Jamb,Internorm,HF510 - Home Pure,Window,Fixed,Jamb,,,,99.000,0.9400,0.040,Manufacturer,Internorm - HF-510 - Typical.pdf (https://v5.airtableusercontent.com/v3/u/54/54/1780603200000/aBEYWTxy_AMzGsOZ3qn6YQ/qwKXdXX5vCCCwYgDZRD_Fyo82dTThpXm9Oj00Wh_7qiipKPLV8mbC99EmtSVCOQAeV3Sga4l_PrvNd3-yaNmEaVOl1Ao7jRuYvzR228OWyM3mryTYZcbwUYgmFKFLN4ZCkegso-mh6ceBjlR-k_h0NGPY6DB-3XgxcfB0XGUejiILOyPuGU3atwnEuPKC5jB/gEcYaqjWgBHcILFU2tWOTNksaUQN1E9o9gZSGHKoJ2Y),,,3.898,0.166,0.023,
Internorm | HF510 - Home Pure | Window | Fixed | Mull-V | OP-to-FX,Internorm,HF510 - Home Pure,Window,Fixed,Mull-V,OP-to-FX,,,54.500,0.9400,0.040,Manufacturer,Internorm - HF-510 - Typical.pdf (https://v5.airtableusercontent.com/v3/u/54/54/1780603200000/aBEYWTxy_AMzGsOZ3qn6YQ/qwKXdXX5vCCCwYgDZRD_Fyo82dTThpXm9Oj00Wh_7qiipKPLV8mbC99EmtSVCOQAeV3Sga4l_PrvNd3-yaNmEaVOl1Ao7jRuYvzR228OWyM3mryTYZcbwUYgmFKFLN4ZCkegso-mh6ceBjlR-k_h0NGPY6DB-3XgxcfB0XGUejiILOyPuGU3atwnEuPKC5jB/gEcYaqjWgBHcILFU2tWOTNksaUQN1E9o9gZSGHKoJ2Y),,,2.146,0.166,0.023,
Internorm | HF510 - Home Pure | Window | Fixed | Sill,Internorm,HF510 - Home Pure,Window,Fixed,Sill,,,,99.000,0.9400,0.040,Manufacturer,Internorm - HF-510 - Typical.pdf (https://v5.airtableusercontent.com/v3/u/54/54/1780603200000/aBEYWTxy_AMzGsOZ3qn6YQ/qwKXdXX5vCCCwYgDZRD_Fyo82dTThpXm9Oj00Wh_7qiipKPLV8mbC99EmtSVCOQAeV3Sga4l_PrvNd3-yaNmEaVOl1Ao7jRuYvzR228OWyM3mryTYZcbwUYgmFKFLN4ZCkegso-mh6ceBjlR-k_h0NGPY6DB-3XgxcfB0XGUejiILOyPuGU3atwnEuPKC5jB/gEcYaqjWgBHcILFU2tWOTNksaUQN1E9o9gZSGHKoJ2Y),,,3.898,0.166,0.023,
Internorm | HF510 - Home Pure | Window | Tilt-Turn | Head,Internorm,HF510 - Home Pure,Window,Tilt-Turn,Head,,,,99.000,0.9400,0.040,Manufacturer,Internorm - HF-510 - Typical.pdf (https://v5.airtableusercontent.com/v3/u/54/54/1780603200000/aBEYWTxy_AMzGsOZ3qn6YQ/qwKXdXX5vCCCwYgDZRD_Fyo82dTThpXm9Oj00Wh_7qiipKPLV8mbC99EmtSVCOQAeV3Sga4l_PrvNd3-yaNmEaVOl1Ao7jRuYvzR228OWyM3mryTYZcbwUYgmFKFLN4ZCkegso-mh6ceBjlR-k_h0NGPY6DB-3XgxcfB0XGUejiILOyPuGU3atwnEuPKC5jB/gEcYaqjWgBHcILFU2tWOTNksaUQN1E9o9gZSGHKoJ2Y),,,3.898,0.166,0.023,
Internorm | HF510 - Home Pure | Window | Tilt-Turn | Jamb,Internorm,HF510 - Home Pure,Window,Tilt-Turn,Jamb,,,,99.000,0.9400,0.040,Manufacturer,Internorm - HF-510 - Typical.pdf (https://v5.airtableusercontent.com/v3/u/54/54/1780603200000/aBEYWTxy_AMzGsOZ3qn6YQ/qwKXdXX5vCCCwYgDZRD_Fyo82dTThpXm9Oj00Wh_7qiipKPLV8mbC99EmtSVCOQAeV3Sga4l_PrvNd3-yaNmEaVOl1Ao7jRuYvzR228OWyM3mryTYZcbwUYgmFKFLN4ZCkegso-mh6ceBjlR-k_h0NGPY6DB-3XgxcfB0XGUejiILOyPuGU3atwnEuPKC5jB/gEcYaqjWgBHcILFU2tWOTNksaUQN1E9o9gZSGHKoJ2Y),,,3.898,0.166,0.023,
Internorm | HF510 - Home Pure | Window | Tilt-Turn | Mull-V | OP-to-FX,Internorm,HF510 - Home Pure,Window,Tilt-Turn,Mull-V,OP-to-FX,,,54.500,0.9400,0.040,Manufacturer,Internorm - HF-510 - Typical.pdf (https://v5.airtableusercontent.com/v3/u/54/54/1780603200000/aBEYWTxy_AMzGsOZ3qn6YQ/qwKXdXX5vCCCwYgDZRD_Fyo82dTThpXm9Oj00Wh_7qiipKPLV8mbC99EmtSVCOQAeV3Sga4l_PrvNd3-yaNmEaVOl1Ao7jRuYvzR228OWyM3mryTYZcbwUYgmFKFLN4ZCkegso-mh6ceBjlR-k_h0NGPY6DB-3XgxcfB0XGUejiILOyPuGU3atwnEuPKC5jB/gEcYaqjWgBHcILFU2tWOTNksaUQN1E9o9gZSGHKoJ2Y),,,2.146,0.166,0.023,
Internorm | HF510 - Home Pure | Window | Tilt-Turn | Sill,Internorm,HF510 - Home Pure,Window,Tilt-Turn,Sill,,,,99.000,0.9400,0.040,Manufacturer,Internorm - HF-510 - Typical.pdf (https://v5.airtableusercontent.com/v3/u/54/54/1780603200000/aBEYWTxy_AMzGsOZ3qn6YQ/qwKXdXX5vCCCwYgDZRD_Fyo82dTThpXm9Oj00Wh_7qiipKPLV8mbC99EmtSVCOQAeV3Sga4l_PrvNd3-yaNmEaVOl1Ao7jRuYvzR228OWyM3mryTYZcbwUYgmFKFLN4ZCkegso-mh6ceBjlR-k_h0NGPY6DB-3XgxcfB0XGUejiILOyPuGU3atwnEuPKC5jB/gEcYaqjWgBHcILFU2tWOTNksaUQN1E9o9gZSGHKoJ2Y),,,3.898,0.166,0.023,
Internorm | HS330 | Lift & Slide | Fixed | Head,Internorm,HS330,Lift & Slide,Fixed,Head,,,,59.000,1.3520,0.043,Manufacturer,Internorm HS-330 - Fixed - Head.pdf (https://v5.airtableusercontent.com/v3/u/54/54/1780603200000/z_EX14-OGfOeN28lQX8ozQ/6ijHfIisrcZ8zRleHm3Alith-91hmxB51K48QkZYz5W56D_bOJKy_mPuzuky7IH7s_ZgfbWtSC8IUlCfcoM40jk_bBHBQys6xbnUxBwa6zybyY4h7ReQZJuAB_1suLXmHaNu56_HPex213tHGNIMWxbssRhwbunWBZE0kULe-gq9L9rfh2s9dNASDQec9aak/2V-7g09gqe_FTGcg026t1dyqM8Cq4rnwkEPnwuU8jwg),,,2.323,0.238,0.025,
Internorm | HS330 | Lift & Slide | Fixed | Jamb,Internorm,HS330,Lift & Slide,Fixed,Jamb,,,,58.000,1.3510,0.042,Manufacturer,Internorm HS-330 - Fixed - Jamb.pdf (https://v5.airtableusercontent.com/v3/u/54/54/1780603200000/s6YSVgp_99z6qi5bgsG7uA/JbxeJ4Qx0Lm31OI5ZWF9Hsri_9Ulyvbet-UzSp2Jp7seVx3mqNrwPJrfAsTN_AanLRyehuLnYpA6_fJpUlKjIOY0VzZaBozKyLVRR1QOsx4D5AU_692DKv2fvY0raoFUgJYKimW3K47uGTKQJmuTjVVLto4_Ht7xsG7eZYD5ns7ifYWvSHvpW0_fC-x3_qge/t7Z5QlYiM78rqd27hD4NdTIDilhFr9LxcdIw6rHXA6g),,,2.283,0.238,0.024,
Internorm | HS330 | Lift & Slide | Fixed | Mull-V | OP-to-FX,Internorm,HS330,Lift & Slide,Fixed,Mull-V,OP-to-FX,,,54.500,1.7860,0.038,Manufacturer,Internom HS-330 - Meeting Rail.pdf (https://v5.airtableusercontent.com/v3/u/54/54/1780603200000/a40JdJiskM05j6Z4VQdsUQ/Ft2pe1V59B17e25cHK1edYmeHMyUp5b6C29fmiummVW2TGaCuMEUlLy6r63MMpx527vMIRLGc0ESBDjq7MsYc3nRJpXf45EvqUrOcA0Z_aOurVtlvb2wYJWlb59Cnr1yDFkvyzFsHwxU6SYllop1DtOgxNOvvgtma0LE3-m6DkcR7L9tB1knX4NACxsvaXGC/yBpA9OoAABVqZDr3lDsXxoG5QY4_MxWnWGmjFa5XocM),,,2.146,0.315,0.022,
Internorm | HS330 | Lift & Slide | Fixed | Sill,Internorm,HS330,Lift & Slide,Fixed,Sill,,,,58.000,1.8510,0.041,Manufacturer,Internorm HS-330 - Fixed - Sill.pdf (https://v5.airtableusercontent.com/v3/u/54/54/1780603200000/LkqrQfJYpuvt0UNqTuP_RQ/BqFASdEHJuc5jV0EMe-YbVcM-TtZBduFxAt573KsTWOS_NvCMubG_CBsET13TiPngMP4nMW9WEUfN3-yJH7S-75YXr7KIAfslEzrCdeuhTFLCowe4ZgWxoqMKL1Nact8G3nrV4FLt5PgYa1uvlRb3w23B5DrAK-tVZVb9rYOLPr5Oea8zCEDQ0ozi4XK8_qd/ijYi7uZkNP2vf4ffY3G7uadXwWbODu0cwiIII2yXBy8),,,2.283,0.326,0.024,
Internorm | HS330 | Lift & Slide | Sliding | Head,Internorm,HS330,Lift & Slide,Sliding,Head,,,,179.000,1.7150,0.034,Manufacturer,Internorm HS-330 - Sliding - Head.pdf (https://v5.airtableusercontent.com/v3/u/54/54/1780603200000/khCy_iJzhYFFfVrH-SABbA/8Udx7kTySIdJ77Mjv1nz0luqQ58GcHhpm00Exi-dXuqhwATnPNjbYWmc3-zUp3Zl9t0c190LIp0wFKGWVC_Ifl_GjhJN1Z_MppSIu14hloYMQBW_j4Le2crejztFlNHhGJBRK_SxUUZsW5lhcVGpGtA9Znylo3WrmhVB98-ecrjMNEZTRamoNw9j98N3Kt00/9yHRkzz81rGNcQU1uZM6sNjbO3X8HkbD_zllC0V2cT8),,,7.047,0.302,0.020,
Internorm | HS330 | Lift & Slide | Sliding | Jamb,Internorm,HS330,Lift & Slide,Sliding,Jamb,,,,171.000,1.0450,0.037,Manufacturer,Internorm HS-330 - Sliding - Jamb.pdf (https://v5.airtableusercontent.com/v3/u/54/54/1780603200000/ZdkFEd4ucxZ6ZFa5Cp-T3w/DiDfPsXO7P_pm9QUtFm3e6ID52xS_avhnFBnusGjdIxjrWPb4gD-YMa_3QHhU_7tyPPQGKe0d5Ey2LQT9IMP1WNeFQ09N86FPdDIFX4Mpkx_xQDxh7BOW4mvjlmNxCsF9TIuUiE6QsXfIEbBmGLjeZqVcHlgcoglVr7KRqTYyuhthKO33R-bzdG2rgm5xSAd/qRnmnL_J0zDUR4d_8rOcFmDl0efhN6F_NN3izfctilI),,,6.732,0.184,0.021,
Internorm | HS330 | Lift & Slide | Sliding | Mull-V | OP-to-FX,Internorm,HS330,Lift & Slide,Sliding,Mull-V,OP-to-FX,,,54.500,1.7860,0.038,Manufacturer,Internom HS-330 - Meeting Rail.pdf (https://v5.airtableusercontent.com/v3/u/54/54/1780603200000/a40JdJiskM05j6Z4VQdsUQ/Ft2pe1V59B17e25cHK1edYmeHMyUp5b6C29fmiummVW2TGaCuMEUlLy6r63MMpx527vMIRLGc0ESBDjq7MsYc3nRJpXf45EvqUrOcA0Z_aOurVtlvb2wYJWlb59Cnr1yDFkvyzFsHwxU6SYllop1DtOgxNOvvgtma0LE3-m6DkcR7L9tB1knX4NACxsvaXGC/yBpA9OoAABVqZDr3lDsXxoG5QY4_MxWnWGmjFa5XocM),,,2.146,0.315,0.022,
Internorm | HS330 | Lift & Slide | Sliding | Sill,Internorm,HS330,Lift & Slide,Sliding,Sill,,,,155.000,1.4340,0.037,Manufacturer,Internorm HS-330 - Sliding - Sill.pdf (https://v5.airtableusercontent.com/v3/u/54/54/1780603200000/CtW-pBLv7gy05djenlOMbw/ZMnRvS6zOUEykD0n8AFH-66N59HzvFYezf3Sjkgt22EiSAb7Yge8jrr7lXnMk-_S9xyk2kclFpExQ2YgOmYKgqzA2P4LHa31rA3g09SMd-FWce-s4KTUqfilOWwIM0x5mxuLIFftZVH55pLOIELiPQ-6JWulxAw6FbjuwB3wM2n9Ml46WGDajN3cGyYJps2-/sYRP9NdSUstpOpBpZz9jglaYm0eV1aCQgIjPHjpR80M),,,6.102,0.253,0.021,
Intus | Supera | Door | Outswing | Head | [74-AW],Intus,Supera,Door,Outswing,Head,,,[74-AW],178.991,1.6467,0.040,,,,From NFRC,7.047,0.290,0.023,
Intus | Supera | Door | Outswing | Jamb | [74-AW],Intus,Supera,Door,Outswing,Jamb,,,[74-AW],178.991,1.6467,0.040,,,,From NFRC,7.047,0.290,0.023,
Intus | Supera | Door | Outswing | Sill | [74-AW],Intus,Supera,Door,Outswing,Sill,,,[74-AW],345.283,1.6467,0.040,,,,From NFRC,13.594,0.290,0.023,
Intus | Supera | Window | Fixed | Head | [74-AW],Intus,Supera,Window,Fixed,Head,,,[74-AW],65.883,1.1924,0.019,,,,From NFRC,2.594,0.210,0.011,
Intus | Supera | Window | Fixed | Jamb | [74-AW],Intus,Supera,Window,Fixed,Jamb,,,[74-AW],65.883,1.1357,0.019,,,,From NFRC,2.594,0.200,0.011,
Intus | Supera | Window | Fixed | Mull-H | FX-to-FX | [74-AW],Intus,Supera,Window,Fixed,Mull-H,FX-to-FX,,[74-AW],41.077,1.1924,0.019,,,,From NFRC,1.617,0.210,0.011,
Intus | Supera | Window | Fixed | Mull-H | OP-to-FX | [74-AW],Intus,Supera,Window,Fixed,Mull-H,OP-to-FX,,[74-AW],66.081,1.1924,0.019,,,,From NFRC,2.602,0.210,0.011,
Intus | Supera | Window | Fixed | Mull-V | FX-to-FX | [74-AW],Intus,Supera,Window,Fixed,Mull-V,FX-to-FX,,[74-AW],41.077,1.1924,0.019,,,,From NFRC,1.617,0.210,0.011,
Intus | Supera | Window | Fixed | Mull-V | OP-to-FX | [74-AW],Intus,Supera,Window,Fixed,Mull-V,OP-to-FX,,[74-AW],66.081,1.1924,0.019,,,,From NFRC,2.602,0.210,0.011,
Intus | Supera | Window | Fixed | Sill | [74-AW],Intus,Supera,Window,Fixed,Sill,,,[74-AW],65.883,1.1924,0.019,,,,From NFRC,2.594,0.210,0.011,
Intus | Supera | Window | Tilt-Turn | Head | [74-AW],Intus,Supera,Window,Tilt-Turn,Head,,,[74-AW],116.683,1.1924,0.019,,,,From NFRC,4.594,0.210,0.011,
Intus | Supera | Window | Tilt-Turn | Jamb | [74-AW],Intus,Supera,Window,Tilt-Turn,Jamb,,,[74-AW],116.683,1.1357,0.019,,,,From NFRC,4.594,0.200,0.011,
Intus | Supera | Window | Tilt-Turn | Mull-H | OP-to-FX | [74-AW],Intus,Supera,Window,Tilt-Turn,Mull-H,OP-to-FX,,[74-AW],66.081,1.1924,0.019,,,,From NFRC,2.602,0.210,0.011,
Intus | Supera | Window | Tilt-Turn | Mull-V | OP-to-FX | [74-AW],Intus,Supera,Window,Tilt-Turn,Mull-V,OP-to-FX,,[74-AW],66.081,1.1924,0.019,,,,From NFRC,2.602,0.210,0.011,
Intus | Supera | Window | Tilt-Turn | Sill | [74-AW],Intus,Supera,Window,Tilt-Turn,Sill,,,[74-AW],116.683,1.1924,0.019,,,,From NFRC,4.594,0.210,0.011,
Kawneer | 1600 UT CW Alu PP | Curtain Wall | Fixed | Head,Kawneer,1600 UT CW Alu PP,Curtain Wall,Fixed,Head,,,,70.000,4.3155,0.042,Phius Database,W-101819_08-Jan-2025.pdf (https://v5.airtableusercontent.com/v3/u/54/54/1780603200000/mbDMjsozuDo66TKXo1KLCg/FX7ZwhKL9tDgwIAfHy6Gx-rnRyzeILGIKfu2L523yW3KsJV6GhoUGO2HUmeoaNcZerWpH9r2CteFVLzGykedTNhIY-ny0b0ie04ZPJ34rpG3AuF37bHI7cQCl6XqW_C0g1L_YqcqmNA3dAhj1jt7_KFcyBWHyNA0bLVhnycvjdc/wu9x6_IwUpgBhNDoZuH5kMIN-lsRLokOh6nUAOTD7Ow),https://www.phius.org/products/w-101819,,2.756,0.760,0.024,ALUMINUM
Kawneer | 1600 UT CW Alu PP | Curtain Wall | Fixed | Jamb,Kawneer,1600 UT CW Alu PP,Curtain Wall,Fixed,Jamb,,,,70.000,4.3155,0.042,Phius Database,W-101819_08-Jan-2025.pdf (https://v5.airtableusercontent.com/v3/u/54/54/1780603200000/mbDMjsozuDo66TKXo1KLCg/FX7ZwhKL9tDgwIAfHy6Gx-rnRyzeILGIKfu2L523yW3KsJV6GhoUGO2HUmeoaNcZerWpH9r2CteFVLzGykedTNhIY-ny0b0ie04ZPJ34rpG3AuF37bHI7cQCl6XqW_C0g1L_YqcqmNA3dAhj1jt7_KFcyBWHyNA0bLVhnycvjdc/wu9x6_IwUpgBhNDoZuH5kMIN-lsRLokOh6nUAOTD7Ow),https://www.phius.org/products/w-101819,,2.756,0.760,0.024,ALUMINUM
Kawneer | 1600 UT CW Alu PP | Curtain Wall | Fixed | Mull-H,Kawneer,1600 UT CW Alu PP,Curtain Wall,Fixed,Mull-H,,,,35.000,4.3155,0.042,Phius Database,W-101819_08-Jan-2025.pdf (https://v5.airtableusercontent.com/v3/u/54/54/1780603200000/mbDMjsozuDo66TKXo1KLCg/FX7ZwhKL9tDgwIAfHy6Gx-rnRyzeILGIKfu2L523yW3KsJV6GhoUGO2HUmeoaNcZerWpH9r2CteFVLzGykedTNhIY-ny0b0ie04ZPJ34rpG3AuF37bHI7cQCl6XqW_C0g1L_YqcqmNA3dAhj1jt7_KFcyBWHyNA0bLVhnycvjdc/wu9x6_IwUpgBhNDoZuH5kMIN-lsRLokOh6nUAOTD7Ow),https://www.phius.org/products/w-101819,,1.378,0.760,0.024,ALUMINUM
Kawneer | 1600 UT CW Alu PP | Curtain Wall | Fixed | Mull-V,Kawneer,1600 UT CW Alu PP,Curtain Wall,Fixed,Mull-V,,,,35.000,4.3155,0.042,Phius Database,W-101819_08-Jan-2025.pdf (https://v5.airtableusercontent.com/v3/u/54/54/1780603200000/mbDMjsozuDo66TKXo1KLCg/FX7ZwhKL9tDgwIAfHy6Gx-rnRyzeILGIKfu2L523yW3KsJV6GhoUGO2HUmeoaNcZerWpH9r2CteFVLzGykedTNhIY-ny0b0ie04ZPJ34rpG3AuF37bHI7cQCl6XqW_C0g1L_YqcqmNA3dAhj1jt7_KFcyBWHyNA0bLVhnycvjdc/wu9x6_IwUpgBhNDoZuH5kMIN-lsRLokOh6nUAOTD7Ow),https://www.phius.org/products/w-101819,,1.378,0.760,0.024,ALUMINUM
Kawneer | 1600 UT CW Alu PP | Curtain Wall | Fixed | Sill,Kawneer,1600 UT CW Alu PP,Curtain Wall,Fixed,Sill,,,,70.000,4.3155,0.042,Phius Database,W-101819_08-Jan-2025.pdf (https://v5.airtableusercontent.com/v3/u/54/54/1780603200000/mbDMjsozuDo66TKXo1KLCg/FX7ZwhKL9tDgwIAfHy6Gx-rnRyzeILGIKfu2L523yW3KsJV6GhoUGO2HUmeoaNcZerWpH9r2CteFVLzGykedTNhIY-ny0b0ie04ZPJ34rpG3AuF37bHI7cQCl6XqW_C0g1L_YqcqmNA3dAhj1jt7_KFcyBWHyNA0bLVhnycvjdc/wu9x6_IwUpgBhNDoZuH5kMIN-lsRLokOh6nUAOTD7Ow),https://www.phius.org/products/w-101819,,2.756,0.760,0.024,ALUMINUM
Kawneer | 1600 UT CW Alu PP | Door | Outswing | Head,Kawneer,1600 UT CW Alu PP,Door,Outswing,Head,,,,160.274,5.5647,0.040,Phius NRFC Estimator,Kawneer Insulpour Doors.pdf (https://v5.airtableusercontent.com/v3/u/54/54/1780603200000/_vf-R-ZOEJ83WC6H6cF7Cw/hY3YsE4QTlWuNuGZU9ZMHa1W3RFYxxkOZuDQjw6tCWNySa1X3GskVekcVRSaXPp-CDJL6GIuMkpLM7U7Mfdl18KSwIboWS6AAaZqpsHHQB60AA8oYa29sido6-fCE17hEO8R4W43ev90yN3gNpocHrJ2PfonCqrRT6R470dGS0s/9HRc3CC2ddOpy0YXYHM2v_ODTUPAn2S_PUEg_GoUDaU),,,6.310,0.980,0.023,ALUMINUM
Kawneer | 1600 UT CW Alu PP | Door | Outswing | Jamb,Kawneer,1600 UT CW Alu PP,Door,Outswing,Jamb,,,,160.274,5.5647,0.040,Phius NRFC Estimator,Kawneer Insulpour Doors.pdf (https://v5.airtableusercontent.com/v3/u/54/54/1780603200000/_vf-R-ZOEJ83WC6H6cF7Cw/hY3YsE4QTlWuNuGZU9ZMHa1W3RFYxxkOZuDQjw6tCWNySa1X3GskVekcVRSaXPp-CDJL6GIuMkpLM7U7Mfdl18KSwIboWS6AAaZqpsHHQB60AA8oYa29sido6-fCE17hEO8R4W43ev90yN3gNpocHrJ2PfonCqrRT6R470dGS0s/9HRc3CC2ddOpy0YXYHM2v_ODTUPAn2S_PUEg_GoUDaU),,,6.310,0.980,0.023,ALUMINUM
Kawneer | 1600 UT CW Alu PP | Door | Outswing | Mull-H,Kawneer,1600 UT CW Alu PP,Door,Outswing,Mull-H,,,,192.088,5.5647,0.040,Phius NRFC Estimator,Kawneer Insulpour Doors.pdf (https://v5.airtableusercontent.com/v3/u/54/54/1780603200000/_vf-R-ZOEJ83WC6H6cF7Cw/hY3YsE4QTlWuNuGZU9ZMHa1W3RFYxxkOZuDQjw6tCWNySa1X3GskVekcVRSaXPp-CDJL6GIuMkpLM7U7Mfdl18KSwIboWS6AAaZqpsHHQB60AA8oYa29sido6-fCE17hEO8R4W43ev90yN3gNpocHrJ2PfonCqrRT6R470dGS0s/9HRc3CC2ddOpy0YXYHM2v_ODTUPAn2S_PUEg_GoUDaU),,,7.562,0.980,0.023,ALUMINUM
Kawneer | 1600 UT CW Alu PP | Door | Outswing | Mull-V | OP-to-FX,Kawneer,1600 UT CW Alu PP,Door,Outswing,Mull-V,OP-to-FX,,,192.088,5.5647,0.040,Phius NRFC Estimator,Kawneer Insulpour Doors.pdf (https://v5.airtableusercontent.com/v3/u/54/54/1780603200000/_vf-R-ZOEJ83WC6H6cF7Cw/hY3YsE4QTlWuNuGZU9ZMHa1W3RFYxxkOZuDQjw6tCWNySa1X3GskVekcVRSaXPp-CDJL6GIuMkpLM7U7Mfdl18KSwIboWS6AAaZqpsHHQB60AA8oYa29sido6-fCE17hEO8R4W43ev90yN3gNpocHrJ2PfonCqrRT6R470dGS0s/9HRc3CC2ddOpy0YXYHM2v_ODTUPAn2S_PUEg_GoUDaU),,,7.562,0.980,0.023,ALUMINUM
Kawneer | 1600 UT CW Alu PP | Door | Outswing | Mull-V | OP-to-OP,Kawneer,1600 UT CW Alu PP,Door,Outswing,Mull-V,OP-to-OP,,,139.700,5.5647,0.040,Phius NRFC Estimator,Kawneer Insulpour Doors.pdf (https://v5.airtableusercontent.com/v3/u/54/54/1780603200000/_vf-R-ZOEJ83WC6H6cF7Cw/hY3YsE4QTlWuNuGZU9ZMHa1W3RFYxxkOZuDQjw6tCWNySa1X3GskVekcVRSaXPp-CDJL6GIuMkpLM7U7Mfdl18KSwIboWS6AAaZqpsHHQB60AA8oYa29sido6-fCE17hEO8R4W43ev90yN3gNpocHrJ2PfonCqrRT6R470dGS0s/9HRc3CC2ddOpy0YXYHM2v_ODTUPAn2S_PUEg_GoUDaU),,,5.500,0.980,0.023,ALUMINUM
Kawneer | 1600 UT CW Alu PP | Door | Outswing | Sill,Kawneer,1600 UT CW Alu PP,Door,Outswing,Sill,,,,285.750,5.5647,0.040,Phius NRFC Estimator,Kawneer Insulpour Doors.pdf (https://v5.airtableusercontent.com/v3/u/54/54/1780603200000/_vf-R-ZOEJ83WC6H6cF7Cw/hY3YsE4QTlWuNuGZU9ZMHa1W3RFYxxkOZuDQjw6tCWNySa1X3GskVekcVRSaXPp-CDJL6GIuMkpLM7U7Mfdl18KSwIboWS6AAaZqpsHHQB60AA8oYa29sido6-fCE17hEO8R4W43ev90yN3gNpocHrJ2PfonCqrRT6R470dGS0s/9HRc3CC2ddOpy0YXYHM2v_ODTUPAn2S_PUEg_GoUDaU),,,11.250,0.980,0.023,ALUMINUM
Kawneer | 1600 UT CW FG PP | Curtain Wall | Fixed | Head,Kawneer,1600 UT CW FG PP,Curtain Wall,Fixed,Head,,,,70.000,3.3000,0.048,Phius Database,W-101820_08-Jan-2025.pdf (https://v5.airtableusercontent.com/v3/u/54/54/1780603200000/fOxl5k_VoVpA6iGWe3VsOg/lgXDVuTLp25ffv508-4HpmQFJV5Afo1mwRE8HwOY2PWwy09yiX8Vt96G7hpnNzulMOnAERxGUn5lcL0HPMgUz9vTj1qKs_z9tJWSZOKtJbcvCm_Q6XrQoxSveagAPONk5OTExeEELmPEzPewUZBcvZ_KY3fqbKVwxXkcPapHvtg/fZLQGxM4OhDZ0v8Tj4YMqSiLsIL1QG-7R0f-rJfhj7M),https://www.phius.org/products/w-101820,,2.756,0.581,0.028,ALUMINUM
Kawneer | 1600 UT CW FG PP | Curtain Wall | Fixed | Jamb,Kawneer,1600 UT CW FG PP,Curtain Wall,Fixed,Jamb,,,,70.000,3.3000,0.048,Phius Database,W-101820_08-Jan-2025.pdf (https://v5.airtableusercontent.com/v3/u/54/54/1780603200000/fOxl5k_VoVpA6iGWe3VsOg/lgXDVuTLp25ffv508-4HpmQFJV5Afo1mwRE8HwOY2PWwy09yiX8Vt96G7hpnNzulMOnAERxGUn5lcL0HPMgUz9vTj1qKs_z9tJWSZOKtJbcvCm_Q6XrQoxSveagAPONk5OTExeEELmPEzPewUZBcvZ_KY3fqbKVwxXkcPapHvtg/fZLQGxM4OhDZ0v8Tj4YMqSiLsIL1QG-7R0f-rJfhj7M),https://www.phius.org/products/w-101820,,2.756,0.581,0.028,ALUMINUM
Kawneer | 1600 UT CW FG PP | Curtain Wall | Fixed | Mull-H,Kawneer,1600 UT CW FG PP,Curtain Wall,Fixed,Mull-H,,,,35.000,3.3000,0.048,Phius Database,W-101820_08-Jan-2025.pdf (https://v5.airtableusercontent.com/v3/u/54/54/1780603200000/fOxl5k_VoVpA6iGWe3VsOg/lgXDVuTLp25ffv508-4HpmQFJV5Afo1mwRE8HwOY2PWwy09yiX8Vt96G7hpnNzulMOnAERxGUn5lcL0HPMgUz9vTj1qKs_z9tJWSZOKtJbcvCm_Q6XrQoxSveagAPONk5OTExeEELmPEzPewUZBcvZ_KY3fqbKVwxXkcPapHvtg/fZLQGxM4OhDZ0v8Tj4YMqSiLsIL1QG-7R0f-rJfhj7M),https://www.phius.org/products/w-101820,,1.378,0.581,0.028,ALUMINUM
Kawneer | 1600 UT CW FG PP | Curtain Wall | Fixed | Mull-V,Kawneer,1600 UT CW FG PP,Curtain Wall,Fixed,Mull-V,,,,35.000,3.3000,0.048,Phius Database,W-101820_08-Jan-2025.pdf (https://v5.airtableusercontent.com/v3/u/54/54/1780603200000/fOxl5k_VoVpA6iGWe3VsOg/lgXDVuTLp25ffv508-4HpmQFJV5Afo1mwRE8HwOY2PWwy09yiX8Vt96G7hpnNzulMOnAERxGUn5lcL0HPMgUz9vTj1qKs_z9tJWSZOKtJbcvCm_Q6XrQoxSveagAPONk5OTExeEELmPEzPewUZBcvZ_KY3fqbKVwxXkcPapHvtg/fZLQGxM4OhDZ0v8Tj4YMqSiLsIL1QG-7R0f-rJfhj7M),https://www.phius.org/products/w-101820,,1.378,0.581,0.028,ALUMINUM
Kawneer | 1600 UT CW FG PP | Curtain Wall | Fixed | Sill,Kawneer,1600 UT CW FG PP,Curtain Wall,Fixed,Sill,,,,70.000,3.3000,0.048,Phius Database,W-101820_08-Jan-2025.pdf (https://v5.airtableusercontent.com/v3/u/54/54/1780603200000/fOxl5k_VoVpA6iGWe3VsOg/lgXDVuTLp25ffv508-4HpmQFJV5Afo1mwRE8HwOY2PWwy09yiX8Vt96G7hpnNzulMOnAERxGUn5lcL0HPMgUz9vTj1qKs_z9tJWSZOKtJbcvCm_Q6XrQoxSveagAPONk5OTExeEELmPEzPewUZBcvZ_KY3fqbKVwxXkcPapHvtg/fZLQGxM4OhDZ0v8Tj4YMqSiLsIL1QG-7R0f-rJfhj7M),https://www.phius.org/products/w-101820,,2.756,0.581,0.028,ALUMINUM
Lamilux | FE | Skylight | Fixed | Any,Lamilux,FE,Skylight,Fixed,Any,,,,98.000,1.4200,0.036,PHI Certificate,lamilux-heinrich-strunz-gmbh_lamilux-flachdach-fenster-fe-passivhaus_1390sk03_en.pdf (https://v5.airtableusercontent.com/v3/u/54/54/1780603200000/U4lU946J89UAv9fvG1Z1cw/kpcSPe_fzxCn10rT0KTBNXd_VtqriPl16fsS99P3rXu1__iUU7STT3-s5b4DNer2oVVoEX-VBvUL_KvxP2I2Y4-cSWkB7znHcnXEr_cIENgwxJjojKzAuObaxdaZDhiuT7MaGFG1UzD1iagcyuBpjvaJgUm-dh_bTIcFblsguK0PrIS_nGvzzO7dDMikmNdQPTznCWgybvOiXLOFHQLkXfbgcUZ2UxOYSiPn5wpudPA23OY__UUa_2nPlqIi_e_i/dHs7IJo_94x_niCXOnZoS1gPG6czZy-3s03oKtzL4R0),,,3.858,0.250,0.021,
Mercury | CURRIES | Outswing | Head,Mercury,CURRIES,,Outswing,Head,,,,67.056,1.9300,0.261,Manufacturer,AADSS1056221.pdf (https://v5.airtableusercontent.com/v3/u/54/54/1780603200000/2NwYUHKM8WLrNVop8saj-Q/LHd4qRaMVVg_79HTBa4SK9_uhfEsPE9WykG4bJW9XKOjELkaQS8-RexUFohOQH9B-w-9G5cRc5FqQyqI219ZpUoPBygjZinUJboKOzhtrEYh_H2QidXBIm_5JidiLb-BFVIxRIB9_sI8ssy39HFv7DI4ipsWLWIe0XSr40tO1Ns/PeUcybi8LpXqZCrSrudbmnDguMrJ3yV4jV3wrDws_P8),https://www.curries.com/en/products/frames/product-details.aehpdp-mercury-thermal-break-frames-door_group_curries_227309,,2.640,0.340,0.151,
Mercury | CURRIES | Outswing | Jamb,Mercury,CURRIES,,Outswing,Jamb,,,,67.056,1.9300,0.226,Manufacturer,AADSS1056221.pdf (https://v5.airtableusercontent.com/v3/u/54/54/1780603200000/2NwYUHKM8WLrNVop8saj-Q/LHd4qRaMVVg_79HTBa4SK9_uhfEsPE9WykG4bJW9XKOjELkaQS8-RexUFohOQH9B-w-9G5cRc5FqQyqI219ZpUoPBygjZinUJboKOzhtrEYh_H2QidXBIm_5JidiLb-BFVIxRIB9_sI8ssy39HFv7DI4ipsWLWIe0XSr40tO1Ns/PeUcybi8LpXqZCrSrudbmnDguMrJ3yV4jV3wrDws_P8),https://www.curries.com/en/products/frames/product-details.aehpdp-mercury-thermal-break-frames-door_group_curries_227309,,2.640,0.340,0.131,
Mercury | CURRIES | Outswing | Sill,Mercury,CURRIES,,Outswing,Sill,,,,12.954,1.9300,0.291,Manufacturer,AADSS1056221.pdf (https://v5.airtableusercontent.com/v3/u/54/54/1780603200000/2NwYUHKM8WLrNVop8saj-Q/LHd4qRaMVVg_79HTBa4SK9_uhfEsPE9WykG4bJW9XKOjELkaQS8-RexUFohOQH9B-w-9G5cRc5FqQyqI219ZpUoPBygjZinUJboKOzhtrEYh_H2QidXBIm_5JidiLb-BFVIxRIB9_sI8ssy39HFv7DI4ipsWLWIe0XSr40tO1Ns/PeUcybi8LpXqZCrSrudbmnDguMrJ3yV4jV3wrDws_P8),https://www.curries.com/en/products/frames/product-details.aehpdp-mercury-thermal-break-frames-door_group_curries_227309,,0.510,0.340,0.168,
Rehau | Artevo | Window | Fixed | Head,Rehau,Artevo,Window,Fixed,Head,,,,65.000,1.1000,0.030,PHI Certificate,161 EMERSON_PHI Comparison Chart Artevo_ Build Sheet - W4.A.pdf (https://v5.airtableusercontent.com/v3/u/54/54/1780603200000/6el2dH8ruXxw7k2zbrxbTA/B5YYwcirfb64ToiwNQwF30Tp5KtJjyxO60DBATXP-vhGhQ3WgDVUtUTLJUUZTXmJ65OMYJVM9c-hunVnNDVdgaDW7K94vLQbhlFqqPDqmzjpmv_wdpiXltnzSuTgAGHShg8UfGXzZSlZpgYEz3sXtMu_OwoGDO5KZu7LfP0rYFrDg8A7YFa8rnEEy-lA6gXL_RCfmF7ktJnOUikje0CBJA/qzK0cV9O-nnBlZ6NuTPFV5HIRiLoVqCq5rGsV0zk8DQ),,,2.559,0.194,0.017,
Rehau | Artevo | Window | Fixed | Jamb,Rehau,Artevo,Window,Fixed,Jamb,,,,65.000,1.1000,0.030,PHI Certificate,161 EMERSON_PHI Comparison Chart Artevo_ Build Sheet - W4.A.pdf (https://v5.airtableusercontent.com/v3/u/54/54/1780603200000/1eGSbnfq0iyKevyOhb9w7A/w7NO-j1hTWNxf9Jc9-Of4PSEFIPRmcn85K08NYmzh8R2SsADu2vLHXkVGQmkP25egs3P-aMa9yxUS7Zvo2HKFgO7_-gAPv933yV1kvb4X0VF61stIeNpwa3uLvTnil3x0JGcadN98YLLCSjHDBcbwLLWjiPkBjCWQUMldezVUNj_E98cGWnsqGMfYBcKE9ip8Yn8pz3bjGdaYXFYU8arug/Fs1HJm7uFAQlYIdeKiOIoGZz749iUWhPzSVZ71qvmag),,,2.559,0.194,0.017,
Rehau | Artevo | Window | Fixed | Mull-H | FX-to-FX,Rehau,Artevo,Window,Fixed,Mull-H,FX-to-FX,,,46.000,1.2000,0.030,PHI Certificate,,,,1.811,0.211,0.017,
Rehau | Artevo | Window | Fixed | Mull-H | OP-to-FX,Rehau,Artevo,Window,Fixed,Mull-H,OP-to-FX,,,66.500,1.1000,0.030,PHI Certificate,,,,2.618,0.194,0.017,
Rehau | Artevo | Window | Fixed | Mull-V | FX-to-FX,Rehau,Artevo,Window,Fixed,Mull-V,FX-to-FX,,,56.000,1.3000,0.030,PHI Certificate,,,,2.205,0.229,0.017,
Rehau | Artevo | Window | Fixed | Mull-V | OP-to-FX,Rehau,Artevo,Window,Fixed,Mull-V,OP-to-FX,,,76.500,1.2000,0.030,PHI Certificate,,,,3.012,0.211,0.017,
Rehau | Artevo | Window | Fixed | Sill,Rehau,Artevo,Window,Fixed,Sill,,,,65.000,1.1000,0.030,PHI Certificate,161 EMERSON_PHI Comparison Chart Artevo_ Build Sheet - W4.A.pdf (https://v5.airtableusercontent.com/v3/u/54/54/1780603200000/ufhSTa5RWG507B0ceTf2Uw/U8GVEXqSa1bZQzuddkMKrOmLQiWANANceYrZ7w3b2AhS8nPNxbWD7Jh-UExGRHVccjJ57tusDSuQMKd6bKh0CSr-uyWLJ3JlpHKLArcp3iUz0IXt8hIuND3xuL0JlyQNfMo-d84fyJcvNh07FWvEqsJ2bcCh6ze220NkQzH1hekMvbJTeVHBkg7RHhjx777h13SASQAajykbGKQi0hAeOw/Ij6WM0jW5eFsxD7TB4Yen3BxruyMXgrHbhRVqZKxPX0),,,2.559,0.194,0.017,
Rehau | Artevo | Window | Tilt-Turn | Head,Rehau,Artevo,Window,Tilt-Turn,Head,,,,117.000,1.1000,0.030,PHI Certificate,161 EMERSON_PHI Comparison Chart Artevo_ Build Sheet - W2.A.pdf (https://v5.airtableusercontent.com/v3/u/54/54/1780603200000/mCAiglr69Dfdh76fWHo7ng/hzTzb9RiCqecARq3W6mmmK6i55aGwso8GsyFveAFFfj3MZUX1Wnpfq402aLArVV1svyMmmXZNqU76SS8uKSFw2YES1zFg3XzU1Pplt1WeMYAGY_9WBqgyCpWyaPTmjXkCQ5ZOoXIIW3fSlYem7PwkyMugo7P4oGnLOW2bO493DJh29a4oDCooGetAQaN8S_qVtotrxn4M9-SgsUiuSymFQ/fO42Lhf6sGZNsbUYiMpZH3zKR-Rn45RzzXdO4EWzjE0),,,4.606,0.194,0.017,
Rehau | Artevo | Window | Tilt-Turn | Jamb,Rehau,Artevo,Window,Tilt-Turn,Jamb,,,,117.000,1.1000,0.030,PHI Certificate,161 EMERSON_PHI Comparison Chart Artevo_ Build Sheet - W2.A.pdf (https://v5.airtableusercontent.com/v3/u/54/54/1780603200000/6hMd08FSlJoFeWzFEXP-Yw/MCFnf-CsryVuCMqO7uAJJvI9rNXk34kFdOr7GZYzFIh8iT5nSQqRtNKgOXkLf66B7KZNK9eS3bS6lmzlFa0G_RIwyHkecddiRWrqNXSityuU14yqaN9P08spKBHEHTIlnveWZtOeP-0ugmWbps6Xrag1XFkSw-67WOVfOzErlin5tkg4YwIWAvgDe_YWLqDYZjgtRdu-qjeiKyGpVI-edQ/FgZyuSEPg7E7RksPtzAoUeBQVJKM5buf3XpP5XzcFP8),,,4.606,0.194,0.017,
Rehau | Artevo | Window | Tilt-Turn | Mull-H | OP-to-FX,Rehau,Artevo,Window,Tilt-Turn,Mull-H,OP-to-FX,,,66.500,1.1000,0.030,PHI Certificate,,,,2.618,0.194,0.017,
Rehau | Artevo | Window | Tilt-Turn | Mull-V | OP-to-FX,Rehau,Artevo,Window,Tilt-Turn,Mull-V,OP-to-FX,,,76.500,1.2000,0.030,PHI Certificate,,,,3.012,0.211,0.017,
Rehau | Artevo | Window | Tilt-Turn | Sill,Rehau,Artevo,Window,Tilt-Turn,Sill,,,,117.000,1.1000,0.030,PHI Certificate,161 EMERSON_PHI Comparison Chart Artevo_ Build Sheet - W2.A.pdf (https://v5.airtableusercontent.com/v3/u/54/54/1780603200000/weThsgi0AiMrsDDENKxPEA/yx7Qu9G7_QZlnMcrNxtLlTyrwbm9M1uJvYyYdBiKsVFDU8ILevXXd4pgQdt00ec89LKRauttZTSGvutnUDD8frVvkpFb-OBdr4iPTvpyYkDxvMBAyj-tRdHRthUQzkPZzBm1Qv4DNWHST1bBNSXktNYoBmeXrOHpr_AtTx20RdM3JsxNdUNf63mR0zJGQN6ZldlcduPVnyCvSgQo6vbSMg/Kt0gDgTH7uRcySTHyyd8VG2dopys3Hx6nRZKO4jzdIc),,,4.606,0.194,0.017,
smartwin | compact | Window | Fixed | Head,smartwin,compact,Window,Fixed,Head,,,,71.000,0.7400,0.023,,pro-passivhausfenster-gmbh_smartwin_2444ws03_en.pdf (https://v5.airtableusercontent.com/v3/u/54/54/1780603200000/ZQ0F5EQJWIHX-Kgtv0XjJQ/MTM9M6KVqvB523nooEei2px7eVj9P2vHuvFyAtdxPsBfcYZDr7uJtfBIZ77xmzxye-tpqWoJW-8EacSKji6U45fGtE_J0zlsgglmEKjr9HyAG85RbV7EZwzKYt57o0mj3Ed-mIDoZKxVbvUINXBNrwF_-Qqc2BWf5Cl1G7syFsPOVgOiegFph_XvqkMyMxIimTzwc7BDiQKYIaiWiKd_3g/epcM-AyCigIBF82CwXPDrMTq73a_PUwgwRQIc41ovuc),https://database.passivehouse.com/en/components/details/window/pro-passivhausfenster-gmbh-smartwin-2444ws03,,2.795,0.130,0.013,
smartwin | compact | Window | Fixed | Jamb,smartwin,compact,Window,Fixed,Jamb,,,,71.000,0.7400,0.023,,pro-passivhausfenster-gmbh_smartwin_2444ws03_en.pdf (https://v5.airtableusercontent.com/v3/u/54/54/1780603200000/ZQ0F5EQJWIHX-Kgtv0XjJQ/MTM9M6KVqvB523nooEei2px7eVj9P2vHuvFyAtdxPsBfcYZDr7uJtfBIZ77xmzxye-tpqWoJW-8EacSKji6U45fGtE_J0zlsgglmEKjr9HyAG85RbV7EZwzKYt57o0mj3Ed-mIDoZKxVbvUINXBNrwF_-Qqc2BWf5Cl1G7syFsPOVgOiegFph_XvqkMyMxIimTzwc7BDiQKYIaiWiKd_3g/epcM-AyCigIBF82CwXPDrMTq73a_PUwgwRQIc41ovuc),https://database.passivehouse.com/en/components/details/window/pro-passivhausfenster-gmbh-smartwin-2444ws03,,2.795,0.130,0.013,
smartwin | compact | Window | Fixed | Mull-H | FX-to-FX,smartwin,compact,Window,Fixed,Mull-H,FX-to-FX,,,55.000,0.9400,0.022,,pro-passivhausfenster-gmbh_smartwin_2444ws03_en.pdf (https://v5.airtableusercontent.com/v3/u/54/54/1780603200000/ZQ0F5EQJWIHX-Kgtv0XjJQ/MTM9M6KVqvB523nooEei2px7eVj9P2vHuvFyAtdxPsBfcYZDr7uJtfBIZ77xmzxye-tpqWoJW-8EacSKji6U45fGtE_J0zlsgglmEKjr9HyAG85RbV7EZwzKYt57o0mj3Ed-mIDoZKxVbvUINXBNrwF_-Qqc2BWf5Cl1G7syFsPOVgOiegFph_XvqkMyMxIimTzwc7BDiQKYIaiWiKd_3g/epcM-AyCigIBF82CwXPDrMTq73a_PUwgwRQIc41ovuc),https://database.passivehouse.com/en/components/details/window/pro-passivhausfenster-gmbh-smartwin-2444ws03,,2.165,0.166,0.013,
smartwin | compact | Window | Fixed | Mull-H | OP-to-FX,smartwin,compact,Window,Fixed,Mull-H,OP-to-FX,,,55.000,0.9400,0.022,,pro-passivhausfenster-gmbh_smartwin_2444ws03_en.pdf (https://v5.airtableusercontent.com/v3/u/54/54/1780603200000/ZQ0F5EQJWIHX-Kgtv0XjJQ/MTM9M6KVqvB523nooEei2px7eVj9P2vHuvFyAtdxPsBfcYZDr7uJtfBIZ77xmzxye-tpqWoJW-8EacSKji6U45fGtE_J0zlsgglmEKjr9HyAG85RbV7EZwzKYt57o0mj3Ed-mIDoZKxVbvUINXBNrwF_-Qqc2BWf5Cl1G7syFsPOVgOiegFph_XvqkMyMxIimTzwc7BDiQKYIaiWiKd_3g/epcM-AyCigIBF82CwXPDrMTq73a_PUwgwRQIc41ovuc),https://database.passivehouse.com/en/components/details/window/pro-passivhausfenster-gmbh-smartwin-2444ws03,,2.165,0.166,0.013,
smartwin | compact | Window | Fixed | Mull-V | FX-to-FX,smartwin,compact,Window,Fixed,Mull-V,FX-to-FX,,,55.000,0.9400,0.022,,pro-passivhausfenster-gmbh_smartwin_2444ws03_en.pdf (https://v5.airtableusercontent.com/v3/u/54/54/1780603200000/ZQ0F5EQJWIHX-Kgtv0XjJQ/MTM9M6KVqvB523nooEei2px7eVj9P2vHuvFyAtdxPsBfcYZDr7uJtfBIZ77xmzxye-tpqWoJW-8EacSKji6U45fGtE_J0zlsgglmEKjr9HyAG85RbV7EZwzKYt57o0mj3Ed-mIDoZKxVbvUINXBNrwF_-Qqc2BWf5Cl1G7syFsPOVgOiegFph_XvqkMyMxIimTzwc7BDiQKYIaiWiKd_3g/epcM-AyCigIBF82CwXPDrMTq73a_PUwgwRQIc41ovuc),https://database.passivehouse.com/en/components/details/window/pro-passivhausfenster-gmbh-smartwin-2444ws03,,2.165,0.166,0.013,
smartwin | compact | Window | Fixed | Mull-V | OP-to-FX,smartwin,compact,Window,Fixed,Mull-V,OP-to-FX,,,55.000,0.9400,0.022,,pro-passivhausfenster-gmbh_smartwin_2444ws03_en.pdf (https://v5.airtableusercontent.com/v3/u/54/54/1780603200000/ZQ0F5EQJWIHX-Kgtv0XjJQ/MTM9M6KVqvB523nooEei2px7eVj9P2vHuvFyAtdxPsBfcYZDr7uJtfBIZ77xmzxye-tpqWoJW-8EacSKji6U45fGtE_J0zlsgglmEKjr9HyAG85RbV7EZwzKYt57o0mj3Ed-mIDoZKxVbvUINXBNrwF_-Qqc2BWf5Cl1G7syFsPOVgOiegFph_XvqkMyMxIimTzwc7BDiQKYIaiWiKd_3g/epcM-AyCigIBF82CwXPDrMTq73a_PUwgwRQIc41ovuc),https://database.passivehouse.com/en/components/details/window/pro-passivhausfenster-gmbh-smartwin-2444ws03,,2.165,0.166,0.013,
smartwin | compact | Window | Fixed | Sill,smartwin,compact,Window,Fixed,Sill,,,,76.000,0.9300,0.022,,pro-passivhausfenster-gmbh_smartwin_2444ws03_en.pdf (https://v5.airtableusercontent.com/v3/u/54/54/1780603200000/ZQ0F5EQJWIHX-Kgtv0XjJQ/MTM9M6KVqvB523nooEei2px7eVj9P2vHuvFyAtdxPsBfcYZDr7uJtfBIZ77xmzxye-tpqWoJW-8EacSKji6U45fGtE_J0zlsgglmEKjr9HyAG85RbV7EZwzKYt57o0mj3Ed-mIDoZKxVbvUINXBNrwF_-Qqc2BWf5Cl1G7syFsPOVgOiegFph_XvqkMyMxIimTzwc7BDiQKYIaiWiKd_3g/epcM-AyCigIBF82CwXPDrMTq73a_PUwgwRQIc41ovuc),https://database.passivehouse.com/en/components/details/window/pro-passivhausfenster-gmbh-smartwin-2444ws03,,2.992,0.164,0.013,
smartwin | compact | Window | Tilt-Turn | Head,smartwin,compact,Window,Tilt-Turn,Head,,,,71.000,0.7400,0.022,,pro-passivhausfenster-gmbh_smartwin_2444ws03_en (1).pdf (https://v5.airtableusercontent.com/v3/u/54/54/1780603200000/e5WemX8a3m-IDnVaIXMwNA/9XpZXSW60DjvM-o0hl2SpK1ywLhzavPfV4VyGgOZMrfF-8CcVi-V3RzWM0Fk2ncSk-SY6gF-gLdJn1ieUEzBpkyKE3-4CP6ZHqQ4f3CpQb8AVfRFGC-_Aj16tCmRYUNuS_vk3GT4DfmA_PkhCPwg0yOE0HALakB-g8x8F8FT8Qo9Vl0yPlK44aoUZZIx_vy4Kqg0TO49F_i-4hwaatLJiA/w6GBHeDfk-Kzh6hAsJxhNJQeWUEq9d2WvOwWlLZL5TU),https://database.passivehouse.com/en/components/details/window/pro-passivhausfenster-gmbh-smartwin-2444ws03,,2.795,0.130,0.013,
smartwin | compact | Window | Tilt-Turn | Jamb,smartwin,compact,Window,Tilt-Turn,Jamb,,,,71.000,0.7400,0.022,,pro-passivhausfenster-gmbh_smartwin_2444ws03_en (1).pdf (https://v5.airtableusercontent.com/v3/u/54/54/1780603200000/e5WemX8a3m-IDnVaIXMwNA/9XpZXSW60DjvM-o0hl2SpK1ywLhzavPfV4VyGgOZMrfF-8CcVi-V3RzWM0Fk2ncSk-SY6gF-gLdJn1ieUEzBpkyKE3-4CP6ZHqQ4f3CpQb8AVfRFGC-_Aj16tCmRYUNuS_vk3GT4DfmA_PkhCPwg0yOE0HALakB-g8x8F8FT8Qo9Vl0yPlK44aoUZZIx_vy4Kqg0TO49F_i-4hwaatLJiA/w6GBHeDfk-Kzh6hAsJxhNJQeWUEq9d2WvOwWlLZL5TU),https://database.passivehouse.com/en/components/details/window/pro-passivhausfenster-gmbh-smartwin-2444ws03,,2.795,0.130,0.013,
smartwin | compact | Window | Tilt-Turn | Mull-H | OP-to-FX,smartwin,compact,Window,Tilt-Turn,Mull-H,OP-to-FX,,,55.000,0.9400,0.022,,pro-passivhausfenster-gmbh_smartwin_2444ws03_en (1).pdf (https://v5.airtableusercontent.com/v3/u/54/54/1780603200000/e5WemX8a3m-IDnVaIXMwNA/9XpZXSW60DjvM-o0hl2SpK1ywLhzavPfV4VyGgOZMrfF-8CcVi-V3RzWM0Fk2ncSk-SY6gF-gLdJn1ieUEzBpkyKE3-4CP6ZHqQ4f3CpQb8AVfRFGC-_Aj16tCmRYUNuS_vk3GT4DfmA_PkhCPwg0yOE0HALakB-g8x8F8FT8Qo9Vl0yPlK44aoUZZIx_vy4Kqg0TO49F_i-4hwaatLJiA/w6GBHeDfk-Kzh6hAsJxhNJQeWUEq9d2WvOwWlLZL5TU),https://database.passivehouse.com/en/components/details/window/pro-passivhausfenster-gmbh-smartwin-2444ws03,,2.165,0.166,0.013,
smartwin | compact | Window | Tilt-Turn | Mull-V | OP-to-FX,smartwin,compact,Window,Tilt-Turn,Mull-V,OP-to-FX,,,55.000,0.9400,0.022,,pro-passivhausfenster-gmbh_smartwin_2444ws03_en (1).pdf (https://v5.airtableusercontent.com/v3/u/54/54/1780603200000/e5WemX8a3m-IDnVaIXMwNA/9XpZXSW60DjvM-o0hl2SpK1ywLhzavPfV4VyGgOZMrfF-8CcVi-V3RzWM0Fk2ncSk-SY6gF-gLdJn1ieUEzBpkyKE3-4CP6ZHqQ4f3CpQb8AVfRFGC-_Aj16tCmRYUNuS_vk3GT4DfmA_PkhCPwg0yOE0HALakB-g8x8F8FT8Qo9Vl0yPlK44aoUZZIx_vy4Kqg0TO49F_i-4hwaatLJiA/w6GBHeDfk-Kzh6hAsJxhNJQeWUEq9d2WvOwWlLZL5TU),https://database.passivehouse.com/en/components/details/window/pro-passivhausfenster-gmbh-smartwin-2444ws03,,2.165,0.166,0.013,
smartwin | compact | Window | Tilt-Turn | Mull-V | OP-to-OP,smartwin,compact,Window,Tilt-Turn,Mull-V,OP-to-OP,,,55.000,0.9400,0.022,,pro-passivhausfenster-gmbh_smartwin_2444ws03_en (1).pdf (https://v5.airtableusercontent.com/v3/u/54/54/1780603200000/e5WemX8a3m-IDnVaIXMwNA/9XpZXSW60DjvM-o0hl2SpK1ywLhzavPfV4VyGgOZMrfF-8CcVi-V3RzWM0Fk2ncSk-SY6gF-gLdJn1ieUEzBpkyKE3-4CP6ZHqQ4f3CpQb8AVfRFGC-_Aj16tCmRYUNuS_vk3GT4DfmA_PkhCPwg0yOE0HALakB-g8x8F8FT8Qo9Vl0yPlK44aoUZZIx_vy4Kqg0TO49F_i-4hwaatLJiA/w6GBHeDfk-Kzh6hAsJxhNJQeWUEq9d2WvOwWlLZL5TU),https://database.passivehouse.com/en/components/details/window/pro-passivhausfenster-gmbh-smartwin-2444ws03,,2.165,0.166,0.013,
smartwin | compact | Window | Tilt-Turn | Sill,smartwin,compact,Window,Tilt-Turn,Sill,,,,76.000,0.9300,0.022,,pro-passivhausfenster-gmbh_smartwin_2444ws03_en (1).pdf (https://v5.airtableusercontent.com/v3/u/54/54/1780603200000/e5WemX8a3m-IDnVaIXMwNA/9XpZXSW60DjvM-o0hl2SpK1ywLhzavPfV4VyGgOZMrfF-8CcVi-V3RzWM0Fk2ncSk-SY6gF-gLdJn1ieUEzBpkyKE3-4CP6ZHqQ4f3CpQb8AVfRFGC-_Aj16tCmRYUNuS_vk3GT4DfmA_PkhCPwg0yOE0HALakB-g8x8F8FT8Qo9Vl0yPlK44aoUZZIx_vy4Kqg0TO49F_i-4hwaatLJiA/w6GBHeDfk-Kzh6hAsJxhNJQeWUEq9d2WvOwWlLZL5TU),https://database.passivehouse.com/en/components/details/window/pro-passivhausfenster-gmbh-smartwin-2444ws03,,2.992,0.164,0.013,
smartwin | entrance | Door | Inswing | Head,smartwin,entrance,Door,Inswing,Head,,,,86.000,0.6400,0.005,,pro-passivhausfenster-gmbh_smartwin-entrance_1109ds02_en.pdf (https://v5.airtableusercontent.com/v3/u/54/54/1780603200000/idGiHJox9nhpWYf5SLT1AQ/V4cj_8p5D60RDNy09dlU_EnVpA6nP4sXYT7q1zo3crwmTuB8ZOtMAp-C_t517GGvgSFJDs83Im3SPyuGn0vg_CEH1bM3QNUdZNwLCZ72voeyhBpKDqYT8jDhUTMKvtjIOOD-nECBRA4yDEnK9ZXvxrn0P4CyU_HHsYGqu7KUF0_xSrwPc9P_qml-dvxUMdKAYDIqG6s0Zxx9W7UP_fwIspF8TSE8JINzA4iu7FhhExs/SJnTdasNQWVmi41sSS_FrvHGisi6geg8TWQvsyZwJXY),https://database.passivehouse.com/en/components/details/door/pro-passivhausfenster-gmbh-smartwin-entrance-1109ds02,,3.386,0.113,0.003,
smartwin | entrance | Door | Inswing | Jamb,smartwin,entrance,Door,Inswing,Jamb,,,,86.000,0.6400,0.005,,pro-passivhausfenster-gmbh_smartwin-entrance_1109ds02_en.pdf (https://v5.airtableusercontent.com/v3/u/54/54/1780603200000/idGiHJox9nhpWYf5SLT1AQ/V4cj_8p5D60RDNy09dlU_EnVpA6nP4sXYT7q1zo3crwmTuB8ZOtMAp-C_t517GGvgSFJDs83Im3SPyuGn0vg_CEH1bM3QNUdZNwLCZ72voeyhBpKDqYT8jDhUTMKvtjIOOD-nECBRA4yDEnK9ZXvxrn0P4CyU_HHsYGqu7KUF0_xSrwPc9P_qml-dvxUMdKAYDIqG6s0Zxx9W7UP_fwIspF8TSE8JINzA4iu7FhhExs/SJnTdasNQWVmi41sSS_FrvHGisi6geg8TWQvsyZwJXY),https://database.passivehouse.com/en/components/details/door/pro-passivhausfenster-gmbh-smartwin-entrance-1109ds02,,3.386,0.113,0.003,
smartwin | entrance | Door | Inswing | Mull-V | OP-to-FX,smartwin,entrance,Door,Inswing,Mull-V,OP-to-FX,,,55.000,0.7800,0.014,,pro-passivhausfenster-gmbh_smartwin-entrance_1109ds02_en.pdf (https://v5.airtableusercontent.com/v3/u/54/54/1780603200000/idGiHJox9nhpWYf5SLT1AQ/V4cj_8p5D60RDNy09dlU_EnVpA6nP4sXYT7q1zo3crwmTuB8ZOtMAp-C_t517GGvgSFJDs83Im3SPyuGn0vg_CEH1bM3QNUdZNwLCZ72voeyhBpKDqYT8jDhUTMKvtjIOOD-nECBRA4yDEnK9ZXvxrn0P4CyU_HHsYGqu7KUF0_xSrwPc9P_qml-dvxUMdKAYDIqG6s0Zxx9W7UP_fwIspF8TSE8JINzA4iu7FhhExs/SJnTdasNQWVmi41sSS_FrvHGisi6geg8TWQvsyZwJXY),https://database.passivehouse.com/en/components/details/door/pro-passivhausfenster-gmbh-smartwin-entrance-1109ds02,,2.165,0.137,0.008,
smartwin | entrance | Door | Inswing | Sill,smartwin,entrance,Door,Inswing,Sill,,,,65.000,1.2800,0.001,,pro-passivhausfenster-gmbh_smartwin-entrance_1109ds02_en.pdf (https://v5.airtableusercontent.com/v3/u/54/54/1780603200000/idGiHJox9nhpWYf5SLT1AQ/V4cj_8p5D60RDNy09dlU_EnVpA6nP4sXYT7q1zo3crwmTuB8ZOtMAp-C_t517GGvgSFJDs83Im3SPyuGn0vg_CEH1bM3QNUdZNwLCZ72voeyhBpKDqYT8jDhUTMKvtjIOOD-nECBRA4yDEnK9ZXvxrn0P4CyU_HHsYGqu7KUF0_xSrwPc9P_qml-dvxUMdKAYDIqG6s0Zxx9W7UP_fwIspF8TSE8JINzA4iu7FhhExs/SJnTdasNQWVmi41sSS_FrvHGisi6geg8TWQvsyZwJXY),https://database.passivehouse.com/en/components/details/door/pro-passivhausfenster-gmbh-smartwin-entrance-1109ds02,,2.559,0.225,0.001,
smartwin | entrance | Sidelite | Fixed | Head,smartwin,entrance,Sidelite,Fixed,Head,,,,86.000,0.5200,0.021,,pro-passivhausfenster-gmbh_smartwin-entrance_1109ds02_en.pdf (https://v5.airtableusercontent.com/v3/u/54/54/1780603200000/idGiHJox9nhpWYf5SLT1AQ/V4cj_8p5D60RDNy09dlU_EnVpA6nP4sXYT7q1zo3crwmTuB8ZOtMAp-C_t517GGvgSFJDs83Im3SPyuGn0vg_CEH1bM3QNUdZNwLCZ72voeyhBpKDqYT8jDhUTMKvtjIOOD-nECBRA4yDEnK9ZXvxrn0P4CyU_HHsYGqu7KUF0_xSrwPc9P_qml-dvxUMdKAYDIqG6s0Zxx9W7UP_fwIspF8TSE8JINzA4iu7FhhExs/SJnTdasNQWVmi41sSS_FrvHGisi6geg8TWQvsyZwJXY),https://database.passivehouse.com/en/components/details/door/pro-passivhausfenster-gmbh-smartwin-entrance-1109ds02,,3.386,0.092,0.012,
smartwin | entrance | Sidelite | Fixed | Jamb,smartwin,entrance,Sidelite,Fixed,Jamb,,,,86.000,0.5200,0.021,,pro-passivhausfenster-gmbh_smartwin-entrance_1109ds02_en.pdf (https://v5.airtableusercontent.com/v3/u/54/54/1780603200000/idGiHJox9nhpWYf5SLT1AQ/V4cj_8p5D60RDNy09dlU_EnVpA6nP4sXYT7q1zo3crwmTuB8ZOtMAp-C_t517GGvgSFJDs83Im3SPyuGn0vg_CEH1bM3QNUdZNwLCZ72voeyhBpKDqYT8jDhUTMKvtjIOOD-nECBRA4yDEnK9ZXvxrn0P4CyU_HHsYGqu7KUF0_xSrwPc9P_qml-dvxUMdKAYDIqG6s0Zxx9W7UP_fwIspF8TSE8JINzA4iu7FhhExs/SJnTdasNQWVmi41sSS_FrvHGisi6geg8TWQvsyZwJXY),https://database.passivehouse.com/en/components/details/door/pro-passivhausfenster-gmbh-smartwin-entrance-1109ds02,,3.386,0.092,0.012,
smartwin | entrance | Sidelite | Fixed | Mull-V | OP-to-FX,smartwin,entrance,Sidelite,Fixed,Mull-V,OP-to-FX,,,55.000,0.7800,0.014,,pro-passivhausfenster-gmbh_smartwin-entrance_1109ds02_en.pdf (https://v5.airtableusercontent.com/v3/u/54/54/1780603200000/idGiHJox9nhpWYf5SLT1AQ/V4cj_8p5D60RDNy09dlU_EnVpA6nP4sXYT7q1zo3crwmTuB8ZOtMAp-C_t517GGvgSFJDs83Im3SPyuGn0vg_CEH1bM3QNUdZNwLCZ72voeyhBpKDqYT8jDhUTMKvtjIOOD-nECBRA4yDEnK9ZXvxrn0P4CyU_HHsYGqu7KUF0_xSrwPc9P_qml-dvxUMdKAYDIqG6s0Zxx9W7UP_fwIspF8TSE8JINzA4iu7FhhExs/SJnTdasNQWVmi41sSS_FrvHGisi6geg8TWQvsyZwJXY),https://database.passivehouse.com/en/components/details/door/pro-passivhausfenster-gmbh-smartwin-entrance-1109ds02,,2.165,0.137,0.008,
smartwin | entrance | Sidelite | Fixed | Sill,smartwin,entrance,Sidelite,Fixed,Sill,,,,86.000,0.6900,0.021,,pro-passivhausfenster-gmbh_smartwin-entrance_1109ds02_en.pdf (https://v5.airtableusercontent.com/v3/u/54/54/1780603200000/idGiHJox9nhpWYf5SLT1AQ/V4cj_8p5D60RDNy09dlU_EnVpA6nP4sXYT7q1zo3crwmTuB8ZOtMAp-C_t517GGvgSFJDs83Im3SPyuGn0vg_CEH1bM3QNUdZNwLCZ72voeyhBpKDqYT8jDhUTMKvtjIOOD-nECBRA4yDEnK9ZXvxrn0P4CyU_HHsYGqu7KUF0_xSrwPc9P_qml-dvxUMdKAYDIqG6s0Zxx9W7UP_fwIspF8TSE8JINzA4iu7FhhExs/SJnTdasNQWVmi41sSS_FrvHGisi6geg8TWQvsyZwJXY),https://database.passivehouse.com/en/components/details/door/pro-passivhausfenster-gmbh-smartwin-entrance-1109ds02,,3.386,0.122,0.012,
smartwin | sliding | Lift & Slide | Fixed | Head,smartwin,sliding,Lift & Slide,Fixed,Head,,,,92.000,0.8400,0.022,,pro-passivhausfenster-gmbh_smartwin-sliding_0399sl03_en.pdf (https://v5.airtableusercontent.com/v3/u/54/54/1780603200000/Y0iobTbxiBn5mMwwSeonSw/bYyeMDEXMEWjH2tMCBfAzG25TvzeErxB96XEwtnSfA0eJwKW5u8K5a735Bm-RPs4EG2ahqDQpBRNugUXGwZM3ovyUiHuEBd7J-CpCm10hWYKOarAn-0MnqQ3DHErJEDnTrYkHTgQr_8tPK3q3S6z_onsytdUdOaCY3e4hTxUQfBHVxxMlIDXZx24ra45qQ3Q9BSFU2nmX0NrE2AEVi1_OyDAMRq-E9FzAyO0MIFvSOM/G-XNnG-qh4gvjhNtOeovsl5Wf59TK3DERUnSN_VySnA),https://database.passivehouse.com/en/components/details/sliding_door/pro-passivhausfenster-gmbh-smartwin-sliding-0399sl03,,3.622,0.148,0.013,
smartwin | sliding | Lift & Slide | Fixed | Jamb,smartwin,sliding,Lift & Slide,Fixed,Jamb,,,,85.000,0.8100,0.022,,pro-passivhausfenster-gmbh_smartwin-sliding_0399sl03_en.pdf (https://v5.airtableusercontent.com/v3/u/54/54/1780603200000/Y0iobTbxiBn5mMwwSeonSw/bYyeMDEXMEWjH2tMCBfAzG25TvzeErxB96XEwtnSfA0eJwKW5u8K5a735Bm-RPs4EG2ahqDQpBRNugUXGwZM3ovyUiHuEBd7J-CpCm10hWYKOarAn-0MnqQ3DHErJEDnTrYkHTgQr_8tPK3q3S6z_onsytdUdOaCY3e4hTxUQfBHVxxMlIDXZx24ra45qQ3Q9BSFU2nmX0NrE2AEVi1_OyDAMRq-E9FzAyO0MIFvSOM/G-XNnG-qh4gvjhNtOeovsl5Wf59TK3DERUnSN_VySnA),https://database.passivehouse.com/en/components/details/sliding_door/pro-passivhausfenster-gmbh-smartwin-sliding-0399sl03,,3.346,0.143,0.013,
smartwin | sliding | Lift & Slide | Fixed | Mull-V | OP-to-FX,smartwin,sliding,Lift & Slide,Fixed,Mull-V,OP-to-FX,,,55.000,1.2900,0.023,,pro-passivhausfenster-gmbh_smartwin-sliding_0399sl03_en.pdf (https://v5.airtableusercontent.com/v3/u/54/54/1780603200000/Y0iobTbxiBn5mMwwSeonSw/bYyeMDEXMEWjH2tMCBfAzG25TvzeErxB96XEwtnSfA0eJwKW5u8K5a735Bm-RPs4EG2ahqDQpBRNugUXGwZM3ovyUiHuEBd7J-CpCm10hWYKOarAn-0MnqQ3DHErJEDnTrYkHTgQr_8tPK3q3S6z_onsytdUdOaCY3e4hTxUQfBHVxxMlIDXZx24ra45qQ3Q9BSFU2nmX0NrE2AEVi1_OyDAMRq-E9FzAyO0MIFvSOM/G-XNnG-qh4gvjhNtOeovsl5Wf59TK3DERUnSN_VySnA),https://database.passivehouse.com/en/components/details/sliding_door/pro-passivhausfenster-gmbh-smartwin-sliding-0399sl03,,2.165,0.227,0.013,
smartwin | sliding | Lift & Slide | Fixed | Sill,smartwin,sliding,Lift & Slide,Fixed,Sill,,,,117.000,1.0800,0.025,,pro-passivhausfenster-gmbh_smartwin-sliding_0399sl03_en.pdf (https://v5.airtableusercontent.com/v3/u/54/54/1780603200000/Y0iobTbxiBn5mMwwSeonSw/bYyeMDEXMEWjH2tMCBfAzG25TvzeErxB96XEwtnSfA0eJwKW5u8K5a735Bm-RPs4EG2ahqDQpBRNugUXGwZM3ovyUiHuEBd7J-CpCm10hWYKOarAn-0MnqQ3DHErJEDnTrYkHTgQr_8tPK3q3S6z_onsytdUdOaCY3e4hTxUQfBHVxxMlIDXZx24ra45qQ3Q9BSFU2nmX0NrE2AEVi1_OyDAMRq-E9FzAyO0MIFvSOM/G-XNnG-qh4gvjhNtOeovsl5Wf59TK3DERUnSN_VySnA),https://database.passivehouse.com/en/components/details/sliding_door/pro-passivhausfenster-gmbh-smartwin-sliding-0399sl03,,4.606,0.190,0.014,
smartwin | sliding | Lift & Slide | Sliding | Head,smartwin,sliding,Lift & Slide,Sliding,Head,,,,86.000,0.5300,0.023,,pro-passivhausfenster-gmbh_smartwin-sliding_0399sl03_en.pdf (https://v5.airtableusercontent.com/v3/u/54/54/1780603200000/Y0iobTbxiBn5mMwwSeonSw/bYyeMDEXMEWjH2tMCBfAzG25TvzeErxB96XEwtnSfA0eJwKW5u8K5a735Bm-RPs4EG2ahqDQpBRNugUXGwZM3ovyUiHuEBd7J-CpCm10hWYKOarAn-0MnqQ3DHErJEDnTrYkHTgQr_8tPK3q3S6z_onsytdUdOaCY3e4hTxUQfBHVxxMlIDXZx24ra45qQ3Q9BSFU2nmX0NrE2AEVi1_OyDAMRq-E9FzAyO0MIFvSOM/G-XNnG-qh4gvjhNtOeovsl5Wf59TK3DERUnSN_VySnA),https://database.passivehouse.com/en/components/details/sliding_door/pro-passivhausfenster-gmbh-smartwin-sliding-0399sl03,,3.386,0.093,0.013,
smartwin | sliding | Lift & Slide | Sliding | Jamb,smartwin,sliding,Lift & Slide,Sliding,Jamb,,,,86.000,0.5300,0.023,,pro-passivhausfenster-gmbh_smartwin-sliding_0399sl03_en.pdf (https://v5.airtableusercontent.com/v3/u/54/54/1780603200000/Y0iobTbxiBn5mMwwSeonSw/bYyeMDEXMEWjH2tMCBfAzG25TvzeErxB96XEwtnSfA0eJwKW5u8K5a735Bm-RPs4EG2ahqDQpBRNugUXGwZM3ovyUiHuEBd7J-CpCm10hWYKOarAn-0MnqQ3DHErJEDnTrYkHTgQr_8tPK3q3S6z_onsytdUdOaCY3e4hTxUQfBHVxxMlIDXZx24ra45qQ3Q9BSFU2nmX0NrE2AEVi1_OyDAMRq-E9FzAyO0MIFvSOM/G-XNnG-qh4gvjhNtOeovsl5Wf59TK3DERUnSN_VySnA),https://database.passivehouse.com/en/components/details/sliding_door/pro-passivhausfenster-gmbh-smartwin-sliding-0399sl03,,3.386,0.093,0.013,
smartwin | sliding | Lift & Slide | Sliding | Mull-V | OP-to-FX,smartwin,sliding,Lift & Slide,Sliding,Mull-V,OP-to-FX,,,55.000,1.2900,0.023,,pro-passivhausfenster-gmbh_smartwin-sliding_0399sl03_en.pdf (https://v5.airtableusercontent.com/v3/u/54/54/1780603200000/Y0iobTbxiBn5mMwwSeonSw/bYyeMDEXMEWjH2tMCBfAzG25TvzeErxB96XEwtnSfA0eJwKW5u8K5a735Bm-RPs4EG2ahqDQpBRNugUXGwZM3ovyUiHuEBd7J-CpCm10hWYKOarAn-0MnqQ3DHErJEDnTrYkHTgQr_8tPK3q3S6z_onsytdUdOaCY3e4hTxUQfBHVxxMlIDXZx24ra45qQ3Q9BSFU2nmX0NrE2AEVi1_OyDAMRq-E9FzAyO0MIFvSOM/G-XNnG-qh4gvjhNtOeovsl5Wf59TK3DERUnSN_VySnA),https://database.passivehouse.com/en/components/details/sliding_door/pro-passivhausfenster-gmbh-smartwin-sliding-0399sl03,,2.165,0.227,0.013,
smartwin | sliding | Lift & Slide | Sliding | Sill,smartwin,sliding,Lift & Slide,Sliding,Sill,,,,108.000,0.6600,0.022,,pro-passivhausfenster-gmbh_smartwin-sliding_0399sl03_en.pdf (https://v5.airtableusercontent.com/v3/u/54/54/1780603200000/Y0iobTbxiBn5mMwwSeonSw/bYyeMDEXMEWjH2tMCBfAzG25TvzeErxB96XEwtnSfA0eJwKW5u8K5a735Bm-RPs4EG2ahqDQpBRNugUXGwZM3ovyUiHuEBd7J-CpCm10hWYKOarAn-0MnqQ3DHErJEDnTrYkHTgQr_8tPK3q3S6z_onsytdUdOaCY3e4hTxUQfBHVxxMlIDXZx24ra45qQ3Q9BSFU2nmX0NrE2AEVi1_OyDAMRq-E9FzAyO0MIFvSOM/G-XNnG-qh4gvjhNtOeovsl5Wf59TK3DERUnSN_VySnA),https://database.passivehouse.com/en/components/details/sliding_door/pro-passivhausfenster-gmbh-smartwin-sliding-0399sl03,,4.252,0.116,0.013,
Tishler | Sipo Mahogany | Door | Inswing | Head,Tishler,Sipo Mahogany,Door,Inswing,Head,,,,76.200,1.4196,0.000,Manufacturer,,,,3.000,0.250,0.000,
Tishler | Sipo Mahogany | Door | Inswing | Jamb,Tishler,Sipo Mahogany,Door,Inswing,Jamb,,,,76.200,1.4196,0.000,Manufacturer,,,,3.000,0.250,0.000,
Tishler | Sipo Mahogany | Door | Inswing | Sill,Tishler,Sipo Mahogany,Door,Inswing,Sill,,,,76.200,1.4196,0.000,Manufacturer,,,,3.000,0.250,0.000,
Tishler | Sipo Mahogany | Window | Double-Hung | Head,Tishler,Sipo Mahogany,Window,Double-Hung,Head,,,,76.200,1.4196,0.000,Manufacturer,,,NFRC Whole Window U-Value,3.000,0.250,0.000,
Tishler | Sipo Mahogany | Window | Double-Hung | Head | OP-to-OP,Tishler,Sipo Mahogany,Window,Double-Hung,Head,OP-to-OP,,,38.100,1.4196,0.000,Manufacturer,,,NFRC Whole Window U-Value,1.500,0.250,0.000,
Tishler | Sipo Mahogany | Window | Double-Hung | Jamb,Tishler,Sipo Mahogany,Window,Double-Hung,Jamb,,,,76.200,1.4196,0.000,Manufacturer,,,NFRC Whole Window U-Value,3.000,0.250,0.000,
Tishler | Sipo Mahogany | Window | Double-Hung | Sill,Tishler,Sipo Mahogany,Window,Double-Hung,Sill,,,,76.200,1.4196,0.000,Manufacturer,,,NFRC Whole Window U-Value,3.000,0.250,0.000,
Tishler | Sipo Mahogany | Window | Double-Hung | Sill | OP-to-OP,Tishler,Sipo Mahogany,Window,Double-Hung,Sill,OP-to-OP,,,38.100,1.4196,0.000,Manufacturer,,,NFRC Whole Window U-Value,1.500,0.250,0.000,
Viking | Innova | Lift & Slide | Fixed | Head,Viking,Innova,Lift & Slide,Fixed,Head,,,,74.000,0.9600,0.030,Manufacturer,viking-data-for-phpp-2023.xlsx (https://v5.airtableusercontent.com/v3/u/54/54/1780603200000/j37zH2ATzI00ysJVizwPEA/s94K2g0uTs7gK4iPzP_Nh0oU9B2vHtNH18KsDhd-_4lKHRr5A4k4EXLxC8nD07v-gSBfifxdSaP53ZY85QDp2JS8ztS3JTCTNUk2X8Fg4JE992-cSvWIaLCsVMPhkidzZeR0kt30xzkAIjONu4KY-vHCaJA3F9og5IWG7RmxDL0L9DZHRqc6E8CQ7kikFvfE/yLQmC92_Uin3Y6MZuMzVCJndqXngM8kk8old3wXxYzY),,,2.913,0.169,0.017,
Viking | Innova | Lift & Slide | Fixed | Jamb,Viking,Innova,Lift & Slide,Fixed,Jamb,,,,51.000,0.8900,0.030,Manufacturer,viking-data-for-phpp-2023.xlsx (https://v5.airtableusercontent.com/v3/u/54/54/1780603200000/j37zH2ATzI00ysJVizwPEA/s94K2g0uTs7gK4iPzP_Nh0oU9B2vHtNH18KsDhd-_4lKHRr5A4k4EXLxC8nD07v-gSBfifxdSaP53ZY85QDp2JS8ztS3JTCTNUk2X8Fg4JE992-cSvWIaLCsVMPhkidzZeR0kt30xzkAIjONu4KY-vHCaJA3F9og5IWG7RmxDL0L9DZHRqc6E8CQ7kikFvfE/yLQmC92_Uin3Y6MZuMzVCJndqXngM8kk8old3wXxYzY),,,2.008,0.157,0.017,
Viking | Innova | Lift & Slide | Fixed | Mull-V | OP-to-FX,Viking,Innova,Lift & Slide,Fixed,Mull-V,OP-to-FX,,,48.000,1.4500,0.030,Manufacturer,viking-data-for-phpp-2023.xlsx (https://v5.airtableusercontent.com/v3/u/54/54/1780603200000/j37zH2ATzI00ysJVizwPEA/s94K2g0uTs7gK4iPzP_Nh0oU9B2vHtNH18KsDhd-_4lKHRr5A4k4EXLxC8nD07v-gSBfifxdSaP53ZY85QDp2JS8ztS3JTCTNUk2X8Fg4JE992-cSvWIaLCsVMPhkidzZeR0kt30xzkAIjONu4KY-vHCaJA3F9og5IWG7RmxDL0L9DZHRqc6E8CQ7kikFvfE/yLQmC92_Uin3Y6MZuMzVCJndqXngM8kk8old3wXxYzY),,,1.890,0.255,0.017,
Viking | Innova | Lift & Slide | Fixed | Sill,Viking,Innova,Lift & Slide,Fixed,Sill,,,,75.000,1.1100,0.030,Manufacturer,viking-data-for-phpp-2023.xlsx (https://v5.airtableusercontent.com/v3/u/54/54/1780603200000/j37zH2ATzI00ysJVizwPEA/s94K2g0uTs7gK4iPzP_Nh0oU9B2vHtNH18KsDhd-_4lKHRr5A4k4EXLxC8nD07v-gSBfifxdSaP53ZY85QDp2JS8ztS3JTCTNUk2X8Fg4JE992-cSvWIaLCsVMPhkidzZeR0kt30xzkAIjONu4KY-vHCaJA3F9og5IWG7RmxDL0L9DZHRqc6E8CQ7kikFvfE/yLQmC92_Uin3Y6MZuMzVCJndqXngM8kk8old3wXxYzY),,,2.953,0.195,0.017,
Viking | Innova | Lift & Slide | Sliding | Head,Viking,Innova,Lift & Slide,Sliding,Head,,,,158.000,1.1300,0.030,Manufacturer,viking-data-for-phpp-2023.xlsx (https://v5.airtableusercontent.com/v3/u/54/54/1780603200000/j37zH2ATzI00ysJVizwPEA/s94K2g0uTs7gK4iPzP_Nh0oU9B2vHtNH18KsDhd-_4lKHRr5A4k4EXLxC8nD07v-gSBfifxdSaP53ZY85QDp2JS8ztS3JTCTNUk2X8Fg4JE992-cSvWIaLCsVMPhkidzZeR0kt30xzkAIjONu4KY-vHCaJA3F9og5IWG7RmxDL0L9DZHRqc6E8CQ7kikFvfE/yLQmC92_Uin3Y6MZuMzVCJndqXngM8kk8old3wXxYzY),,,6.220,0.199,0.017,
Viking | Innova | Lift & Slide | Sliding | Jamb,Viking,Innova,Lift & Slide,Sliding,Jamb,,,,133.000,0.9800,0.030,Manufacturer,viking-data-for-phpp-2023.xlsx (https://v5.airtableusercontent.com/v3/u/54/54/1780603200000/j37zH2ATzI00ysJVizwPEA/s94K2g0uTs7gK4iPzP_Nh0oU9B2vHtNH18KsDhd-_4lKHRr5A4k4EXLxC8nD07v-gSBfifxdSaP53ZY85QDp2JS8ztS3JTCTNUk2X8Fg4JE992-cSvWIaLCsVMPhkidzZeR0kt30xzkAIjONu4KY-vHCaJA3F9og5IWG7RmxDL0L9DZHRqc6E8CQ7kikFvfE/yLQmC92_Uin3Y6MZuMzVCJndqXngM8kk8old3wXxYzY),,,5.236,0.173,0.017,
Viking | Innova | Lift & Slide | Sliding | Mull-V | OP-to-FX,Viking,Innova,Lift & Slide,Sliding,Mull-V,OP-to-FX,,,48.000,1.4500,0.030,Manufacturer,viking-data-for-phpp-2023.xlsx (https://v5.airtableusercontent.com/v3/u/54/54/1780603200000/j37zH2ATzI00ysJVizwPEA/s94K2g0uTs7gK4iPzP_Nh0oU9B2vHtNH18KsDhd-_4lKHRr5A4k4EXLxC8nD07v-gSBfifxdSaP53ZY85QDp2JS8ztS3JTCTNUk2X8Fg4JE992-cSvWIaLCsVMPhkidzZeR0kt30xzkAIjONu4KY-vHCaJA3F9og5IWG7RmxDL0L9DZHRqc6E8CQ7kikFvfE/yLQmC92_Uin3Y6MZuMzVCJndqXngM8kk8old3wXxYzY),,,1.890,0.255,0.017,
Viking | Innova | Lift & Slide | Sliding | Sill,Viking,Innova,Lift & Slide,Sliding,Sill,,,,130.000,1.9800,0.030,Manufacturer,viking-data-for-phpp-2023.xlsx (https://v5.airtableusercontent.com/v3/u/54/54/1780603200000/j37zH2ATzI00ysJVizwPEA/s94K2g0uTs7gK4iPzP_Nh0oU9B2vHtNH18KsDhd-_4lKHRr5A4k4EXLxC8nD07v-gSBfifxdSaP53ZY85QDp2JS8ztS3JTCTNUk2X8Fg4JE992-cSvWIaLCsVMPhkidzZeR0kt30xzkAIjONu4KY-vHCaJA3F9og5IWG7RmxDL0L9DZHRqc6E8CQ7kikFvfE/yLQmC92_Uin3Y6MZuMzVCJndqXngM8kk8old3wXxYzY),,,5.118,0.349,0.017,
Viking | SW14 | Window | Fixed | Head,Viking,SW14,Window,Fixed,Head,,,,63.000,0.9600,0.022,Manufacturer,viking-data-for-phpp-2023.xlsx (https://v5.airtableusercontent.com/v3/u/54/54/1780603200000/j37zH2ATzI00ysJVizwPEA/s94K2g0uTs7gK4iPzP_Nh0oU9B2vHtNH18KsDhd-_4lKHRr5A4k4EXLxC8nD07v-gSBfifxdSaP53ZY85QDp2JS8ztS3JTCTNUk2X8Fg4JE992-cSvWIaLCsVMPhkidzZeR0kt30xzkAIjONu4KY-vHCaJA3F9og5IWG7RmxDL0L9DZHRqc6E8CQ7kikFvfE/yLQmC92_Uin3Y6MZuMzVCJndqXngM8kk8old3wXxYzY),,,2.480,0.169,0.013,
Viking | SW14 | Window | Fixed | Jamb,Viking,SW14,Window,Fixed,Jamb,,,,63.000,0.9600,0.022,Manufacturer,viking-data-for-phpp-2023.xlsx (https://v5.airtableusercontent.com/v3/u/54/54/1780603200000/j37zH2ATzI00ysJVizwPEA/s94K2g0uTs7gK4iPzP_Nh0oU9B2vHtNH18KsDhd-_4lKHRr5A4k4EXLxC8nD07v-gSBfifxdSaP53ZY85QDp2JS8ztS3JTCTNUk2X8Fg4JE992-cSvWIaLCsVMPhkidzZeR0kt30xzkAIjONu4KY-vHCaJA3F9og5IWG7RmxDL0L9DZHRqc6E8CQ7kikFvfE/yLQmC92_Uin3Y6MZuMzVCJndqXngM8kk8old3wXxYzY),,,2.480,0.169,0.013,
Viking | SW14 | Window | Fixed | Mull-V | OP-to-FX,Viking,SW14,Window,Fixed,Mull-V,OP-to-FX,,,68.000,0.8600,0.022,Manufacturer,viking-data-for-phpp-2023.xlsx (https://v5.airtableusercontent.com/v3/u/54/54/1780603200000/j37zH2ATzI00ysJVizwPEA/s94K2g0uTs7gK4iPzP_Nh0oU9B2vHtNH18KsDhd-_4lKHRr5A4k4EXLxC8nD07v-gSBfifxdSaP53ZY85QDp2JS8ztS3JTCTNUk2X8Fg4JE992-cSvWIaLCsVMPhkidzZeR0kt30xzkAIjONu4KY-vHCaJA3F9og5IWG7RmxDL0L9DZHRqc6E8CQ7kikFvfE/yLQmC92_Uin3Y6MZuMzVCJndqXngM8kk8old3wXxYzY),,,2.677,0.151,0.013,
Viking | SW14 | Window | Fixed | Sill,Viking,SW14,Window,Fixed,Sill,,,,63.000,0.9400,0.022,Manufacturer,viking-data-for-phpp-2023.xlsx (https://v5.airtableusercontent.com/v3/u/54/54/1780603200000/j37zH2ATzI00ysJVizwPEA/s94K2g0uTs7gK4iPzP_Nh0oU9B2vHtNH18KsDhd-_4lKHRr5A4k4EXLxC8nD07v-gSBfifxdSaP53ZY85QDp2JS8ztS3JTCTNUk2X8Fg4JE992-cSvWIaLCsVMPhkidzZeR0kt30xzkAIjONu4KY-vHCaJA3F9og5IWG7RmxDL0L9DZHRqc6E8CQ7kikFvfE/yLQmC92_Uin3Y6MZuMzVCJndqXngM8kk8old3wXxYzY),,,2.480,0.166,0.013,
Viking | SW14 | Window | Tilt-Turn | Head,Viking,SW14,Window,Tilt-Turn,Head,,,,102.000,0.8600,0.022,Manufacturer,viking-data-for-phpp-2023.xlsx (https://v5.airtableusercontent.com/v3/u/54/54/1780603200000/j37zH2ATzI00ysJVizwPEA/s94K2g0uTs7gK4iPzP_Nh0oU9B2vHtNH18KsDhd-_4lKHRr5A4k4EXLxC8nD07v-gSBfifxdSaP53ZY85QDp2JS8ztS3JTCTNUk2X8Fg4JE992-cSvWIaLCsVMPhkidzZeR0kt30xzkAIjONu4KY-vHCaJA3F9og5IWG7RmxDL0L9DZHRqc6E8CQ7kikFvfE/yLQmC92_Uin3Y6MZuMzVCJndqXngM8kk8old3wXxYzY),,,4.016,0.151,0.013,
Viking | SW14 | Window | Tilt-Turn | Jamb,Viking,SW14,Window,Tilt-Turn,Jamb,,,,102.000,0.8600,0.022,Manufacturer,viking-data-for-phpp-2023.xlsx (https://v5.airtableusercontent.com/v3/u/54/54/1780603200000/j37zH2ATzI00ysJVizwPEA/s94K2g0uTs7gK4iPzP_Nh0oU9B2vHtNH18KsDhd-_4lKHRr5A4k4EXLxC8nD07v-gSBfifxdSaP53ZY85QDp2JS8ztS3JTCTNUk2X8Fg4JE992-cSvWIaLCsVMPhkidzZeR0kt30xzkAIjONu4KY-vHCaJA3F9og5IWG7RmxDL0L9DZHRqc6E8CQ7kikFvfE/yLQmC92_Uin3Y6MZuMzVCJndqXngM8kk8old3wXxYzY),,,4.016,0.151,0.013,
Viking | SW14 | Window | Tilt-Turn | Mull-V | OP-to-FX,Viking,SW14,Window,Tilt-Turn,Mull-V,OP-to-FX,,,68.000,0.0860,0.022,Manufacturer,viking-data-for-phpp-2023.xlsx (https://v5.airtableusercontent.com/v3/u/54/54/1780603200000/j37zH2ATzI00ysJVizwPEA/s94K2g0uTs7gK4iPzP_Nh0oU9B2vHtNH18KsDhd-_4lKHRr5A4k4EXLxC8nD07v-gSBfifxdSaP53ZY85QDp2JS8ztS3JTCTNUk2X8Fg4JE992-cSvWIaLCsVMPhkidzZeR0kt30xzkAIjONu4KY-vHCaJA3F9og5IWG7RmxDL0L9DZHRqc6E8CQ7kikFvfE/yLQmC92_Uin3Y6MZuMzVCJndqXngM8kk8old3wXxYzY),,,2.677,0.015,0.013,
Viking | SW14 | Window | Tilt-Turn | Sill,Viking,SW14,Window,Tilt-Turn,Sill,,,,102.000,0.8300,0.022,Manufacturer,viking-data-for-phpp-2023.xlsx (https://v5.airtableusercontent.com/v3/u/54/54/1780603200000/j37zH2ATzI00ysJVizwPEA/s94K2g0uTs7gK4iPzP_Nh0oU9B2vHtNH18KsDhd-_4lKHRr5A4k4EXLxC8nD07v-gSBfifxdSaP53ZY85QDp2JS8ztS3JTCTNUk2X8Fg4JE992-cSvWIaLCsVMPhkidzZeR0kt30xzkAIjONu4KY-vHCaJA3F9og5IWG7RmxDL0L9DZHRqc6E8CQ7kikFvfE/yLQmC92_Uin3Y6MZuMzVCJndqXngM8kk8old3wXxYzY),,,4.016,0.146,0.013,
Viking | SW17 | Door | Inswing | Head,Viking,SW17,Door,Inswing,Head,,,,136.000,1.2800,0.027,Manufacturer,viking-data-for-phpp-2023.xlsx (https://v5.airtableusercontent.com/v3/u/54/54/1780603200000/j37zH2ATzI00ysJVizwPEA/s94K2g0uTs7gK4iPzP_Nh0oU9B2vHtNH18KsDhd-_4lKHRr5A4k4EXLxC8nD07v-gSBfifxdSaP53ZY85QDp2JS8ztS3JTCTNUk2X8Fg4JE992-cSvWIaLCsVMPhkidzZeR0kt30xzkAIjONu4KY-vHCaJA3F9og5IWG7RmxDL0L9DZHRqc6E8CQ7kikFvfE/yLQmC92_Uin3Y6MZuMzVCJndqXngM8kk8old3wXxYzY),,,5.354,0.225,0.016,
Viking | SW17 | Door | Inswing | Jamb,Viking,SW17,Door,Inswing,Jamb,,,,138.000,1.2800,0.027,Manufacturer,viking-data-for-phpp-2023.xlsx (https://v5.airtableusercontent.com/v3/u/54/54/1780603200000/j37zH2ATzI00ysJVizwPEA/s94K2g0uTs7gK4iPzP_Nh0oU9B2vHtNH18KsDhd-_4lKHRr5A4k4EXLxC8nD07v-gSBfifxdSaP53ZY85QDp2JS8ztS3JTCTNUk2X8Fg4JE992-cSvWIaLCsVMPhkidzZeR0kt30xzkAIjONu4KY-vHCaJA3F9og5IWG7RmxDL0L9DZHRqc6E8CQ7kikFvfE/yLQmC92_Uin3Y6MZuMzVCJndqXngM8kk8old3wXxYzY),,,5.433,0.225,0.016,
Viking | SW17 | Door | Inswing | Sill,Viking,SW17,Door,Inswing,Sill,,,,125.000,1.4100,0.027,Manufacturer,viking-data-for-phpp-2023.xlsx (https://v5.airtableusercontent.com/v3/u/54/54/1780603200000/j37zH2ATzI00ysJVizwPEA/s94K2g0uTs7gK4iPzP_Nh0oU9B2vHtNH18KsDhd-_4lKHRr5A4k4EXLxC8nD07v-gSBfifxdSaP53ZY85QDp2JS8ztS3JTCTNUk2X8Fg4JE992-cSvWIaLCsVMPhkidzZeR0kt30xzkAIjONu4KY-vHCaJA3F9og5IWG7RmxDL0L9DZHRqc6E8CQ7kikFvfE/yLQmC92_Uin3Y6MZuMzVCJndqXngM8kk8old3wXxYzY),,,4.921,0.248,0.016,
Viking | SW17 | Window | Fixed | Head,Viking,SW17,Window,Fixed,Head,,,,44.000,1.0400,0.025,Manufacturer,viking-data-for-phpp-2023.xlsx (https://v5.airtableusercontent.com/v3/u/54/54/1780603200000/j37zH2ATzI00ysJVizwPEA/s94K2g0uTs7gK4iPzP_Nh0oU9B2vHtNH18KsDhd-_4lKHRr5A4k4EXLxC8nD07v-gSBfifxdSaP53ZY85QDp2JS8ztS3JTCTNUk2X8Fg4JE992-cSvWIaLCsVMPhkidzZeR0kt30xzkAIjONu4KY-vHCaJA3F9og5IWG7RmxDL0L9DZHRqc6E8CQ7kikFvfE/yLQmC92_Uin3Y6MZuMzVCJndqXngM8kk8old3wXxYzY),,,1.732,0.183,0.014,
Viking | SW17 | Window | Fixed | Jamb,Viking,SW17,Window,Fixed,Jamb,,,,44.000,1.0400,0.025,Manufacturer,viking-data-for-phpp-2023.xlsx (https://v5.airtableusercontent.com/v3/u/54/54/1780603200000/j37zH2ATzI00ysJVizwPEA/s94K2g0uTs7gK4iPzP_Nh0oU9B2vHtNH18KsDhd-_4lKHRr5A4k4EXLxC8nD07v-gSBfifxdSaP53ZY85QDp2JS8ztS3JTCTNUk2X8Fg4JE992-cSvWIaLCsVMPhkidzZeR0kt30xzkAIjONu4KY-vHCaJA3F9og5IWG7RmxDL0L9DZHRqc6E8CQ7kikFvfE/yLQmC92_Uin3Y6MZuMzVCJndqXngM8kk8old3wXxYzY),,,1.732,0.183,0.014,
Viking | SW17 | Window | Fixed | Mull-V | OP-to-FX,Viking,SW17,Window,Fixed,Mull-V,OP-to-FX,,,54.000,1.1600,0.025,Manufacturer,viking-data-for-phpp-2023.xlsx (https://v5.airtableusercontent.com/v3/u/54/54/1780603200000/j37zH2ATzI00ysJVizwPEA/s94K2g0uTs7gK4iPzP_Nh0oU9B2vHtNH18KsDhd-_4lKHRr5A4k4EXLxC8nD07v-gSBfifxdSaP53ZY85QDp2JS8ztS3JTCTNUk2X8Fg4JE992-cSvWIaLCsVMPhkidzZeR0kt30xzkAIjONu4KY-vHCaJA3F9og5IWG7RmxDL0L9DZHRqc6E8CQ7kikFvfE/yLQmC92_Uin3Y6MZuMzVCJndqXngM8kk8old3wXxYzY),,,2.126,0.204,0.014,
Viking | SW17 | Window | Fixed | Sill,Viking,SW17,Window,Fixed,Sill,,,,44.000,0.9800,0.025,Manufacturer,viking-data-for-phpp-2023.xlsx (https://v5.airtableusercontent.com/v3/u/54/54/1780603200000/j37zH2ATzI00ysJVizwPEA/s94K2g0uTs7gK4iPzP_Nh0oU9B2vHtNH18KsDhd-_4lKHRr5A4k4EXLxC8nD07v-gSBfifxdSaP53ZY85QDp2JS8ztS3JTCTNUk2X8Fg4JE992-cSvWIaLCsVMPhkidzZeR0kt30xzkAIjONu4KY-vHCaJA3F9og5IWG7RmxDL0L9DZHRqc6E8CQ7kikFvfE/yLQmC92_Uin3Y6MZuMzVCJndqXngM8kk8old3wXxYzY),,,1.732,0.173,0.014,
Viking | SW17 | Window | Tilt-Turn | Head,Viking,SW17,Window,Tilt-Turn,Head,,,,90.000,1.1600,0.025,Manufacturer,viking-data-for-phpp-2023.xlsx (https://v5.airtableusercontent.com/v3/u/54/54/1780603200000/j37zH2ATzI00ysJVizwPEA/s94K2g0uTs7gK4iPzP_Nh0oU9B2vHtNH18KsDhd-_4lKHRr5A4k4EXLxC8nD07v-gSBfifxdSaP53ZY85QDp2JS8ztS3JTCTNUk2X8Fg4JE992-cSvWIaLCsVMPhkidzZeR0kt30xzkAIjONu4KY-vHCaJA3F9og5IWG7RmxDL0L9DZHRqc6E8CQ7kikFvfE/yLQmC92_Uin3Y6MZuMzVCJndqXngM8kk8old3wXxYzY),,,3.543,0.204,0.014,
Viking | SW17 | Window | Tilt-Turn | Jamb,Viking,SW17,Window,Tilt-Turn,Jamb,,,,90.000,1.1400,0.025,Manufacturer,viking-data-for-phpp-2023.xlsx (https://v5.airtableusercontent.com/v3/u/54/54/1780603200000/j37zH2ATzI00ysJVizwPEA/s94K2g0uTs7gK4iPzP_Nh0oU9B2vHtNH18KsDhd-_4lKHRr5A4k4EXLxC8nD07v-gSBfifxdSaP53ZY85QDp2JS8ztS3JTCTNUk2X8Fg4JE992-cSvWIaLCsVMPhkidzZeR0kt30xzkAIjONu4KY-vHCaJA3F9og5IWG7RmxDL0L9DZHRqc6E8CQ7kikFvfE/yLQmC92_Uin3Y6MZuMzVCJndqXngM8kk8old3wXxYzY),,,3.543,0.201,0.014,
Viking | SW17 | Window | Tilt-Turn | Mull-V | OP-TO-FIX,Viking,SW17,Window,Tilt-Turn,Mull-V,OP-TO-FIX,,,54.000,1.1600,0.025,Manufacturer,viking-data-for-phpp-2023.xlsx (https://v5.airtableusercontent.com/v3/u/54/54/1780603200000/j37zH2ATzI00ysJVizwPEA/s94K2g0uTs7gK4iPzP_Nh0oU9B2vHtNH18KsDhd-_4lKHRr5A4k4EXLxC8nD07v-gSBfifxdSaP53ZY85QDp2JS8ztS3JTCTNUk2X8Fg4JE992-cSvWIaLCsVMPhkidzZeR0kt30xzkAIjONu4KY-vHCaJA3F9og5IWG7RmxDL0L9DZHRqc6E8CQ7kikFvfE/yLQmC92_Uin3Y6MZuMzVCJndqXngM8kk8old3wXxYzY),,,2.126,0.204,0.014,
Viking | SW17 | Window | Tilt-Turn | Sill,Viking,SW17,Window,Tilt-Turn,Sill,,,,90.000,1.1100,0.025,Manufacturer,viking-data-for-phpp-2023.xlsx (https://v5.airtableusercontent.com/v3/u/54/54/1780603200000/j37zH2ATzI00ysJVizwPEA/s94K2g0uTs7gK4iPzP_Nh0oU9B2vHtNH18KsDhd-_4lKHRr5A4k4EXLxC8nD07v-gSBfifxdSaP53ZY85QDp2JS8ztS3JTCTNUk2X8Fg4JE992-cSvWIaLCsVMPhkidzZeR0kt30xzkAIjONu4KY-vHCaJA3F9og5IWG7RmxDL0L9DZHRqc6E8CQ7kikFvfE/yLQmC92_Uin3Y6MZuMzVCJndqXngM8kk8old3wXxYzY),,,3.543,0.195,0.014,
Wythe | PremiSlide | Door | Fixed | Head | [76188 + V547],Wythe,PremiSlide,Door,Fixed,Head,,,[76188 + V547],55.000,1.3000,0.040,,21-004027-PR01 NW-K20-06-en-01.pdf (https://v5.airtableusercontent.com/v3/u/54/54/1780603200000/eM7cFuKAncj8YPeTXKa7cg/Z1MSzg_Wbm-SEyikM7H3vrfMV5eNR3axgkJLxSlxjhrr70ANMjOIfIZs3yO-dhgV4bS9whwCio9Tx95o7iLCRcK_UvX-dOom7pTnTqFj7fwEBHLH4e501s7MZXESnPSRSTIA3OPdliNoYbZ4jX7OO0pST3IdFhwDUFrCgEMH6jpC3oEbWMKMKkc8ZPNGQpJJ/53pXMIXPz6oZROgdPRxXiWehjFOKhFQdU-45LObkdTM),,,2.165,0.229,0.023,
Wythe | PremiSlide | Door | Fixed | Jamb | [76188 + V547],Wythe,PremiSlide,Door,Fixed,Jamb,,,[76188 + V547],55.000,1.3000,0.040,,21-004027-PR01 NW-K20-06-en-01.pdf (https://v5.airtableusercontent.com/v3/u/54/54/1780603200000/eM7cFuKAncj8YPeTXKa7cg/Z1MSzg_Wbm-SEyikM7H3vrfMV5eNR3axgkJLxSlxjhrr70ANMjOIfIZs3yO-dhgV4bS9whwCio9Tx95o7iLCRcK_UvX-dOom7pTnTqFj7fwEBHLH4e501s7MZXESnPSRSTIA3OPdliNoYbZ4jX7OO0pST3IdFhwDUFrCgEMH6jpC3oEbWMKMKkc8ZPNGQpJJ/53pXMIXPz6oZROgdPRxXiWehjFOKhFQdU-45LObkdTM),,,2.165,0.229,0.023,
Wythe | PremiSlide | Door | Fixed | Sill | [76188 + V547],Wythe,PremiSlide,Door,Fixed,Sill,,,[76188 + V547],55.000,1.3000,0.040,,21-004027-PR01 NW-K20-06-en-01.pdf (https://v5.airtableusercontent.com/v3/u/54/54/1780603200000/eM7cFuKAncj8YPeTXKa7cg/Z1MSzg_Wbm-SEyikM7H3vrfMV5eNR3axgkJLxSlxjhrr70ANMjOIfIZs3yO-dhgV4bS9whwCio9Tx95o7iLCRcK_UvX-dOom7pTnTqFj7fwEBHLH4e501s7MZXESnPSRSTIA3OPdliNoYbZ4jX7OO0pST3IdFhwDUFrCgEMH6jpC3oEbWMKMKkc8ZPNGQpJJ/53pXMIXPz6oZROgdPRxXiWehjFOKhFQdU-45LObkdTM),,,2.165,0.229,0.023,
Wythe | PremiSlide | Door | Sliding | Head | [76211 + V314-76188],Wythe,PremiSlide,Door,Sliding,Head,,,[76211 + V314-76188],138.000,1.3000,0.040,,21-004027-PR01 NW-K20-06-en-01.pdf (https://v5.airtableusercontent.com/v3/u/54/54/1780603200000/eM7cFuKAncj8YPeTXKa7cg/Z1MSzg_Wbm-SEyikM7H3vrfMV5eNR3axgkJLxSlxjhrr70ANMjOIfIZs3yO-dhgV4bS9whwCio9Tx95o7iLCRcK_UvX-dOom7pTnTqFj7fwEBHLH4e501s7MZXESnPSRSTIA3OPdliNoYbZ4jX7OO0pST3IdFhwDUFrCgEMH6jpC3oEbWMKMKkc8ZPNGQpJJ/53pXMIXPz6oZROgdPRxXiWehjFOKhFQdU-45LObkdTM),,,5.433,0.229,0.023,
Wythe | PremiSlide | Door | Sliding | Jamb | [76211 + V314-76188],Wythe,PremiSlide,Door,Sliding,Jamb,,,[76211 + V314-76188],138.000,1.3000,0.040,,21-004027-PR01 NW-K20-06-en-01.pdf (https://v5.airtableusercontent.com/v3/u/54/54/1780603200000/eM7cFuKAncj8YPeTXKa7cg/Z1MSzg_Wbm-SEyikM7H3vrfMV5eNR3axgkJLxSlxjhrr70ANMjOIfIZs3yO-dhgV4bS9whwCio9Tx95o7iLCRcK_UvX-dOom7pTnTqFj7fwEBHLH4e501s7MZXESnPSRSTIA3OPdliNoYbZ4jX7OO0pST3IdFhwDUFrCgEMH6jpC3oEbWMKMKkc8ZPNGQpJJ/53pXMIXPz6oZROgdPRxXiWehjFOKhFQdU-45LObkdTM),,,5.433,0.229,0.023,
Wythe | PremiSlide | Door | Sliding | Mull-V | OP-to-FX | [76303 + V322-76211],Wythe,PremiSlide,Door,Sliding,Mull-V,OP-to-FX,,[76303 + V322-76211],60.000,1.4000,0.040,,21-004027-PR01 NW-K20-06-en-01.pdf (https://v5.airtableusercontent.com/v3/u/54/54/1780603200000/eM7cFuKAncj8YPeTXKa7cg/Z1MSzg_Wbm-SEyikM7H3vrfMV5eNR3axgkJLxSlxjhrr70ANMjOIfIZs3yO-dhgV4bS9whwCio9Tx95o7iLCRcK_UvX-dOom7pTnTqFj7fwEBHLH4e501s7MZXESnPSRSTIA3OPdliNoYbZ4jX7OO0pST3IdFhwDUFrCgEMH6jpC3oEbWMKMKkc8ZPNGQpJJ/53pXMIXPz6oZROgdPRxXiWehjFOKhFQdU-45LObkdTM),,,2.362,0.247,0.023,
Wythe | PremiSlide | Door | Sliding | Sill | [76211 + V314-76188],Wythe,PremiSlide,Door,Sliding,Sill,,,[76211 + V314-76188],138.000,1.3000,0.040,,21-004027-PR01 NW-K20-06-en-01.pdf (https://v5.airtableusercontent.com/v3/u/54/54/1780603200000/eM7cFuKAncj8YPeTXKa7cg/Z1MSzg_Wbm-SEyikM7H3vrfMV5eNR3axgkJLxSlxjhrr70ANMjOIfIZs3yO-dhgV4bS9whwCio9Tx95o7iLCRcK_UvX-dOom7pTnTqFj7fwEBHLH4e501s7MZXESnPSRSTIA3OPdliNoYbZ4jX7OO0pST3IdFhwDUFrCgEMH6jpC3oEbWMKMKkc8ZPNGQpJJ/53pXMIXPz6oZROgdPRxXiWehjFOKhFQdU-45LObkdTM),,,5.433,0.229,0.023,
Wythe | Stuyvesant | Door | Inswing | Head | [190827],Wythe,Stuyvesant,Door,Inswing,Head,,,[190827],166.000,1.3040,0.032,,Swinging Door [ 190827 ] Head & Jamb.pdf (https://v5.airtableusercontent.com/v3/u/54/54/1780603200000/paOBQ1CK4a8Jv0f6EScHVQ/QFmnU2HNPbsjwhSlFOVtLCNsryyeIvW9wHBwYNXh8k0lCLM89ExX6Mj0kOODhs61P5Qgcs3r60s8lqJx3ENFMPah8TkBvLzNk_TJLDI_E7EIdu4Wg7kaSrJ9iOzSnaA6GLiozjQzZwGwsVFNtVf29Nf-GQ2rtgT-27oFwZSGePwDoiLMeEc-wEcdWSpL068x/FUSeyl7granl6jAgHGwjII_LrRoHVnzHT4xRG0lP2E4),,,6.535,0.230,0.018,
Wythe | Stuyvesant | Door | Inswing | Jamb | [190827],Wythe,Stuyvesant,Door,Inswing,Jamb,,,[190827],166.000,1.3040,0.032,,Swinging Door [ 190827 ] Head & Jamb.pdf (https://v5.airtableusercontent.com/v3/u/54/54/1780603200000/s9O_eXIBItCqvRvsL1uQqw/16Ro6ffCz4ZtHini3xbc68Evj5cQGAANu1zpejIEQ9zGaSbV0n3DRbd0zWK7iJ19Ymzcu4NW9jf0WBIisKniIwM01xOmNN1dR0BZ9huyWwFZGTXfxUzM6b1w4r18Y3-DtMxNf1eCp-zqaDuRTVc1Z2DvjNI56g5_1350r04J2Vyr4cm7MO9_uHeh4txwg_EF/xVa1KNIY3pZatYSIeSHjpzPnitOzaSBu_734HB_lcQc),,,6.535,0.230,0.018,
Wythe | Stuyvesant | Door | Inswing | Sill | [190827],Wythe,Stuyvesant,Door,Inswing,Sill,,,[190827],120.000,1.5680,0.031,,Swinging Door [ 190827 ] Sill.pdf (https://v5.airtableusercontent.com/v3/u/54/54/1780603200000/UwH-CXRjwQNsFalHWKj88w/Ya0T-LnlbwUhAqN_1CRlVzxVxUjM8ili-DLKWv5GAfktysyBul9z9RO0xJ3BxhaWPzn9PLAtnsseB76KIg1l0U1xxYJxNTaPmY1LptiKRu2UusOkxHocgmcMX0ABuzfedqKDLImlDCLUHSDuOY4g0YwTpV-6eX9ofgt3Z3_9R7SZNpJqTbdeWeMKbeLDJQr5/KhWIOXeyu8KcFTGpdYZmoTbEkOuEyC7_bfx_tSbxI7c),,,4.724,0.276,0.018,
Wythe | Stuyvesant | Window | Fixed | Head | [171],Wythe,Stuyvesant,Window,Fixed,Head,,,[171],74.000,1.3130,0.032,,Fixed [171] Head & Jamb.pdf (https://v5.airtableusercontent.com/v3/u/54/54/1780603200000/grXPxno8cYAV-wYbTBuEpw/bhNfN8T-6UbDP858DCzBnSVIVm7k6QeOFzqpLAhMdIsTeCFjSx9H8Dm1YTRkhYrj-BvIrHimKn5VJTX4nt_VOvq8ds47v8A8o-8rYneMyqI7QaA7hKm_j4Tv8XRCfpNxOcmqvJQpR3gYDXXW1QkU2i7jNW5rdQ2s6LBVo_aPxi4/NPi7MB7OXlx_idup-iTGq5zI8Qf06TWSf76N4VjHwNY),,,2.913,0.231,0.018,
Wythe | Stuyvesant | Window | Fixed | Jamb | [171],Wythe,Stuyvesant,Window,Fixed,Jamb,,,[171],74.000,1.3130,0.032,,Fixed [171] Head & Jamb.pdf (https://v5.airtableusercontent.com/v3/u/54/54/1780603200000/grXPxno8cYAV-wYbTBuEpw/bhNfN8T-6UbDP858DCzBnSVIVm7k6QeOFzqpLAhMdIsTeCFjSx9H8Dm1YTRkhYrj-BvIrHimKn5VJTX4nt_VOvq8ds47v8A8o-8rYneMyqI7QaA7hKm_j4Tv8XRCfpNxOcmqvJQpR3gYDXXW1QkU2i7jNW5rdQ2s6LBVo_aPxi4/NPi7MB7OXlx_idup-iTGq5zI8Qf06TWSf76N4VjHwNY),,,2.913,0.231,0.018,
Wythe | Stuyvesant | Window | Fixed | Mull-V | FX-to-FX | [171],Wythe,Stuyvesant,Window,Fixed,Mull-V,FX-to-FX,,[171],84.700,1.2580,0.039,,Fixed [171] vMull.pdf (https://v5.airtableusercontent.com/v3/u/54/54/1780603200000/QAL_1WodwQlmbQreB1B0vQ/z3VH_FrpQAmX_N5TqhKODwOTs153nWVzNqEA8cD_QN_7OizVYNPSv5MEH_piNNhsUOtkJQSWB3TtGtOe7upsdNbZKsSYa_lVmKs1Fkq1I2CDgC3Dj4vUn5Wp8AQmYMAkeQDcZq-JTh9nyJP__qFt33bMTLy4QZYPNGVH3-NiIBU/7Vpcn7kXdrSxSTW-UmbIqmfMIljW3RTnka8mzMkVyxc),,,3.335,0.222,0.023,
Wythe | Stuyvesant | Window | Fixed | Mull-V | OP-to-FX | [171 + 171 + 271],Wythe,Stuyvesant,Window,Fixed,Mull-V,OP-to-FX,,[171 + 171 + 271],100.000,1.2600,0.032,,,,NEED CALCULATION/DATA SHEET,3.937,0.222,0.018,
Wythe | Stuyvesant | Window | Fixed | Sill | [171 + A076],Wythe,Stuyvesant,Window,Fixed,Sill,,,[171 + A076],86.000,1.1600,0.032,,Fixed [171+A076] Sill.pdf (https://v5.airtableusercontent.com/v3/u/54/54/1780603200000/x5fZ07jZp3x4BQTMaBCSvg/-lctbPhgGf2UP2O48hhjuPIyprp9tpHZKM46_4WYWG3WmUXPyYwMgaYc1I7OYuwxhx-r68xkFo4LgObWYB6iR2FDFlFEvUOyQT1kCLM9nVFx9kM_qY19Y5dr2Qwom7TdsylAnn0_KT-o6UzEpxW5wg_DYCOGpS7h51d-d6FSbLY/bNcac7WIULrXLXMR3v9NEXeoGWjjz4SCVJhx1B1EBhc),,,3.386,0.204,0.018,
Wythe | Stuyvesant | Window | Fixed | Sill | [171],Wythe,Stuyvesant,Window,Fixed,Sill,,,[171],74.000,1.3130,0.032,,Fixed [171] Head & Jamb.pdf (https://v5.airtableusercontent.com/v3/u/54/54/1780603200000/grXPxno8cYAV-wYbTBuEpw/bhNfN8T-6UbDP858DCzBnSVIVm7k6QeOFzqpLAhMdIsTeCFjSx9H8Dm1YTRkhYrj-BvIrHimKn5VJTX4nt_VOvq8ds47v8A8o-8rYneMyqI7QaA7hKm_j4Tv8XRCfpNxOcmqvJQpR3gYDXXW1QkU2i7jNW5rdQ2s6LBVo_aPxi4/NPi7MB7OXlx_idup-iTGq5zI8Qf06TWSf76N4VjHwNY),,,2.913,0.231,0.018,
Wythe | Stuyvesant | Window | Tilt-Turn | Head | [171 + 271],Wythe,Stuyvesant,Window,Tilt-Turn,Head,,,[171 + 271],116.000,1.3350,0.029,,TT [171+271] Head & Jamb.pdf (https://v5.airtableusercontent.com/v3/u/54/54/1780603200000/j4KuWEK0dBUpjOD-Dk7sOw/7uMaDdQ4HqIJUUI79gpru0pOGIArdpVhp6FqjIP9ryX8PMQKYciojdmPAhVG367pFs7ECBeCiy9ACaj4RW-Qn9LVrc0XWuWDqy1-1czN96m53xzAV1vaNSbVWXSdfG0p9hTOt0n-xq01dokeP340JmzcEQ0AhWcUy98hi6iEm84/28rgRaqtzdP4IrwbD3pec4SJKBXR3Us9Ncmj-NHFCH8),,,4.567,0.235,0.017,
Wythe | Stuyvesant | Window | Tilt-Turn | Jamb | [171 + 271],Wythe,Stuyvesant,Window,Tilt-Turn,Jamb,,,[171 + 271],116.000,1.3350,0.029,,TT [171+271] Head & Jamb.pdf (https://v5.airtableusercontent.com/v3/u/54/54/1780603200000/1zmOUlsSnWJKMA_jg3c8UQ/XVJe8TQCAqcQw11iokrKTYwHW-cNCxyAwWqyLljmDfQ7Iu9M3uzCH-MKxFeZfINxB9XMhDRPhhEth3R0o3fuMrNHGuiNkAq7gEjdBV8lI5IUtrYftm03JgECDKPOZWtqQEyYnemcxy5l2YoceYctwewXqqTUdnp--J2ugVh1lbo/6dqQ9MfD7ol4PRqxaRaXXacOTqUtNKQZk4UxymGH4hE),,,4.567,0.235,0.017,
Wythe | Stuyvesant | Window | Tilt-Turn | Sill | [171 + 271],Wythe,Stuyvesant,Window,Tilt-Turn,Sill,,,[171 + 271],116.000,1.3350,0.029,,TT [171+271] Head & Jamb.pdf (https://v5.airtableusercontent.com/v3/u/54/54/1780603200000/M4LgPWaF3aweCioubExNFg/E90RugGCQijzA3RUGrNaa7tYa3kiU8AgCF5nTOTkUOc__8PioS9hfN3qNLzi0Hvb_qXljJOL1eVVTqChENTe5i4XmFORkOrjEXq8G-bH51JF7YVq8pv1rMXbUufYO8RfV-0jTzG4pfJyTOlLMcIdhM1Qvc4Vj5ofR2S1kekhU5o/6LCn7YWJM-wvXGumwP20yiWe-gzj40sxBQ1P7OnWcJU),,,4.567,0.235,0.017,
Zola | French | ThermoPlus Clad II | Door | Inswing | Mull-V,Zola,ThermoPlus Clad II,Door,Inswing,Mull-V,,French,,107.000,0.8840,0.023,manufacturer,FrenchEntryThermoPlusClad.pdf (https://v5.airtableusercontent.com/v3/u/54/54/1780603200000/xJ-3NWXv6ltn1zlSz36bcA/4XuU1lgpnh6XV2J_TmgYtGx6Qh0CfvVPOsDg-nJFh26OKixcPue2QRKrv7keIV8V5XaOT8l-x6CQZEIAg8cVpkKFHK0sc5bDZRLHJz4R1ZF-78XVzMJH2_EZv1va6WFPIOX4zYRj_RiRxodc7F9m2DsYCY5iEakDI_ZTNyUuL1AwCx6PVGg0EgyTB484Qz1r/6Ma_mH53650h2BNJaDgD8SBgFyUt36s4B15as8fOfCw),,,4.213,0.156,0.013,
Zola | SDH | Window | Fixed | Head,Zola,SDH,Window,Fixed,Head,,,,107.300,0.9376,0.030,bldgtyp calc,Head.pdf (https://v5.airtableusercontent.com/v3/u/54/54/1780603200000/0prDw8galCNXFz8gzyQLxg/_HN8N4C7QgWoXq1mUaMF4SN0aG_qQuw2qnaEEvmqpkKdbWUSTAAe8PxmP5TVmZSvQkYVGfcakgNj3VvXYCP5Ijykrhat1pL4x2aenHkppB3PSg6cIiqS1ozLKKS4c4oFfCpC2e4UnrCkKepHvM4K7A/bjPYbGfx47sVp3kt68u5G9qNaUAGiRmJwCnNKo9F2fg),,,4.224,0.165,0.017,WOOD
Zola | SDH | Window | Fixed | Jamb,Zola,SDH,Window,Fixed,Jamb,,,,107.300,0.9376,0.030,bldgtyp calc,Jamb - Fixed.pdf (https://v5.airtableusercontent.com/v3/u/54/54/1780603200000/Rsdn_KbIVyNlJyHmOx5xQA/NypUHcAdcnsJnx2CXRANKtjAxm_YlYJRNkzp41MMzeKJFP0JciZPg4jXYXUN2qfxQOuj0JIj-2nGOg3mMribyMviLPxyPHPwDHwLxw_AHVQYrYu4Ofo4srHANk_gxhBYku_JmC4G09HMOdxMPgrHUsT3jm9v6fE_0uGylWyazvo/KRZXURLXt2TLAL3L05TkJzOYKa4YzVPjiCLOdj_WbAo),,,4.224,0.165,0.017,WOOD
Zola | SDH | Window | Fixed | Mull-H,Zola,SDH,Window,Fixed,Mull-H,,,,45.000,1.3300,0.029,bldgtyp calc,Meeting Rail.pdf (https://v5.airtableusercontent.com/v3/u/54/54/1780603200000/GKU-l4I-8oa_0q0MTHF41w/ZKCJr5_wiQ5eRX2jiIGfhtEsSVCIdaP0nkShWTVMH_xM9dhncOT9QmITaYqGIP_OBIa9mnhH_fTtHZt0IwIagKGdh2wxP8FGuE8vJHfI7PrKpWRyhRoG4LszZTVl9tFMH7xL87khKxXjMeDlZB8YS012WiIB3vTYQa6iXZYLFhI/jQ3yAnpipDD9SgeZKpcRCtw-PLVrlC_XPuevmLUJqgs),,,1.772,0.234,0.017,WOOD
Zola | SDH | Window | Tilt-Turn | Jamb,Zola,SDH,Window,Tilt-Turn,Jamb,,,,108.300,1.0130,0.029,bldgtyp calc,Jamb - Operable.pdf (https://v5.airtableusercontent.com/v3/u/54/54/1780603200000/doydnL8hVeiPOZsUjFnYfg/pSeMJyqfu1OVnaQvNONhj0RjSq-y7atD0F1Ix5QQnVWInHIKdsoccjl9SnfGXDKpUP_ecxIo3L-Wgxj-0PHKc-11lFfbziM3x_0dUPai2oAw4uK-TbpRyCoxzyabITBW3p50DZhDZ9YbyW5Dt0dWjlKvUrhYgOgBFRYSfb0rcUM/pXBhFOoEX1HrPLUdab28LuMX2plFYq-VtkK_Xm1ADwk),,,4.264,0.178,0.017,WOOD
Zola | SDH | Window | Tilt-Turn | Mull-H,Zola,SDH,Window,Tilt-Turn,Mull-H,,,,45.000,1.3300,0.029,bldgtyp calc,Meeting Rail.pdf (https://v5.airtableusercontent.com/v3/u/54/54/1780603200000/CNaY3zbKp_6k0qC4cb1XBA/MKr3uRooGgQAalJf7ytTtK4sFIzRFJQVBasretcFyQlwZIxka-U2iiCwhZ-s4Dga44WOy9G1vHsQ43ltDDi6XFYx3LdiFI-NRnL1uuIiydrFOEdlO3HyimGdx4BVDer24CP3nVDto4HDy2mCpvrfdEWGA1J_lqLYuK5JRDGxFZ0/XFpZkpFNo4wNkV8d06wMxtZT6wMQ5aeN_Z-hLc6rDpg),,,1.772,0.234,0.017,WOOD
Zola | SDH | Window | Tilt-Turn | Sill,Zola,SDH,Window,Tilt-Turn,Sill,,,,131.500,1.0900,0.029,bldgtyp calc,Sill.pdf (https://v5.airtableusercontent.com/v3/u/54/54/1780603200000/f3pG1ZOzvfLYgJ0WXsfrQg/apEQdt-CPKIykOtX5L4zPxf94hgLnpZ2h5__Af62CGAxwZNvhp3z91PUxn7Fsb73ilqAY7YL8_of2uJg2_Fp4GgLQRGhTaaHExROP7k5yMPNczGJ1dUwQrkB20ZZeNIaC_6SpgOcG-ZG6z-xVwClYw/A3qyJj9Yv6Fi-5PQgn4Pm-QjzWB-UCCQiqh8H8A4yjw),,,5.177,0.192,0.017,WOOD
Zola | Thermo Wood | Door | Outswing | Head,Zola,Thermo Wood,Door,Outswing,Head,,,,162.200,0.9832,0.024,bldgtyp calc,Zola ThermoWood Inswing Entry Door - Head_Jamb.pdf (https://v5.airtableusercontent.com/v3/u/54/54/1780603200000/PCyZpo2oACdeBx1Mb7dQOw/8aMsy1DBXEQw7Z0oJT51AweEgPw1IeF25zFNrXo6ds13lfZO4rdx0ztW67XzAFZy2LLZRx2a_yCq16_K1T5nvUaLHdkARJ0eSXwJlu3CprHQHzwGSprULvSST7JgZ5OoJsekEM6Fmq4Ayz0oqgcOyG8TpczoUcuSx1XRRsLRBStVGnXzZ1zye8Qc5kX4CK-gc6DcCanJDbSrPd4YJgzcIA/k-lWOk60ZMguscH0w3kxIuDaPYdi_IQjpEn9Qs-QgF4),,,6.386,0.173,0.014,WOOD
Zola | Thermo Wood | Door | Outswing | Jamb,Zola,Thermo Wood,Door,Outswing,Jamb,,,,162.200,0.9832,0.024,bldgtyp calc,Zola ThermoWood Inswing Entry Door - Head_Jamb.pdf (https://v5.airtableusercontent.com/v3/u/54/54/1780603200000/PCyZpo2oACdeBx1Mb7dQOw/8aMsy1DBXEQw7Z0oJT51AweEgPw1IeF25zFNrXo6ds13lfZO4rdx0ztW67XzAFZy2LLZRx2a_yCq16_K1T5nvUaLHdkARJ0eSXwJlu3CprHQHzwGSprULvSST7JgZ5OoJsekEM6Fmq4Ayz0oqgcOyG8TpczoUcuSx1XRRsLRBStVGnXzZ1zye8Qc5kX4CK-gc6DcCanJDbSrPd4YJgzcIA/k-lWOk60ZMguscH0w3kxIuDaPYdi_IQjpEn9Qs-QgF4),,,6.386,0.173,0.014,WOOD
Zola | Thermo Wood | Door | Outswing | Sill,Zola,Thermo Wood,Door,Outswing,Sill,,,,186.700,1.1770,0.024,bldgtyp calc,Zola ThermoWood Inswing Entry Door - Weser Sill.pdf (https://v5.airtableusercontent.com/v3/u/54/54/1780603200000/ZCl2FvHqZ1xut8EL29yvsw/uQ5JbEBiarewrbqT2MKi0drbos5jZXVXN5d6y_7XmXHcnGB4Xa2di-0btcf2hSv8pxRYuD040YxmrOYQtfVRoF5eA2CuY-xOgkaZL21RucBwNIPfsQl9m-_duTpq8UF9XdbYZQ0ChaQ1P5dvyzPK7GcHD69DqLgNFwKNXuf6jbKHmPYaSNxrurmMSVk8dNdWJuzLwHjOq7pwUiwjibg4tQ/y-uQ6iqOr_yAKHwZCokegfPs-wT2yZl6RcttJXKvMLU),,,7.350,0.207,0.014,WOOD
Zola | ThermoPlus Clad II | Door | Inswing | Head,Zola,ThermoPlus Clad II,Door,Inswing,Head,,,,163.000,0.9620,0.023,manufacturer,ThermoPlusCladEntryHeadjamb.pdf (https://v5.airtableusercontent.com/v3/u/54/54/1780603200000/ZB11unba1F8_Ea1OuKe2CA/B42oZG0s6MyLSbUKBvMUEuFxe5jhjMP4jCuUiiI0b-LwRzWS30pVgqdvLxcHEe4O9nPKlgyQnLraiknDlRcMowiUFP2Zmp-JzW0uoDr4I6a0makR7xYP6NC7wGkM9ojFKc3CrJP7b0DlAHlDl6odGUY7pQ9uIbDUEdRNeyMroXSbb1bZHL95syKoMF58CEx1/-tG887C87Ep9I3sS1qspETc9RY34okO51qR5X2h704U),,,6.417,0.169,0.013,
Zola | ThermoPlus Clad II | Door | Inswing | Jamb,Zola,ThermoPlus Clad II,Door,Inswing,Jamb,,,,163.000,0.9620,0.023,manufacturer,ThermoPlusCladEntryHeadjamb.pdf (https://v5.airtableusercontent.com/v3/u/54/54/1780603200000/ZB11unba1F8_Ea1OuKe2CA/B42oZG0s6MyLSbUKBvMUEuFxe5jhjMP4jCuUiiI0b-LwRzWS30pVgqdvLxcHEe4O9nPKlgyQnLraiknDlRcMowiUFP2Zmp-JzW0uoDr4I6a0makR7xYP6NC7wGkM9ojFKc3CrJP7b0DlAHlDl6odGUY7pQ9uIbDUEdRNeyMroXSbb1bZHL95syKoMF58CEx1/-tG887C87Ep9I3sS1qspETc9RY34okO51qR5X2h704U),,,6.417,0.169,0.013,
Zola | ThermoPlus Clad II | Door | Inswing | Sill | Wesser,Zola,ThermoPlus Clad II,Door,Inswing,Sill,,,Wesser,205.000,1.1200,0.026,manufacturer,WeserEntryInThermoPlusClad.pdf (https://v5.airtableusercontent.com/v3/u/54/54/1780603200000/wpe23eKEaodakBVEVcTiEg/K1cmtOrvoBvZU_rmFAoCMFkmSBfEfQyuf1HfzB7JRh-GlH8CA2dBzvbD3gmhN3OTwWY3gkKMd2sN8iNwfLBMrSojOdcCYdI7UUDiRtvsnBZbjr53PB0zMFasUewUbWZcGM_RHwJvzJxdg-9sXq2xRrE843GeUqiPM0pm82341VreS5oFdSOmDbq0wjKjJ5wR/OPrvYCA4prZalZA2ks5mLi29cSNQKHRI9pzMX7aE72c),,,8.071,0.197,0.015,
Zola | ThermoPlus Clad II | Window | Fixed | Head,Zola,ThermoPlus Clad II,Window,Fixed,Head,,,,90.200,1.0840,0.025,bldgtyp calc,Fixed [ Jamb Head ].pdf (https://v5.airtableusercontent.com/v3/u/54/54/1780603200000/RpFM54Ys7tpf4EXxt7IDZw/tIcWR1xYCEzPC41IBpk2KC3yF4TY_x4Nkw9d52aoM6xTNUj6bmzjzHZWGQkXuKjR6TPqm5YEPd_ofyW2yt8Uh2eX7_TC7h5gJxTxVvr6fYsqZKiegL0aHdUvrgzA9kG4cpJY1Aen4EyBt4Bx-Ji8D8G-ulwP-HjCrnkDh5vwB3s/sBnsASal1_Cl0grEG8rbYd0zANjPElOBAgagW0fydSE),,,3.551,0.191,0.014,
Zola | ThermoPlus Clad II | Window | Fixed | Jamb,Zola,ThermoPlus Clad II,Window,Fixed,Jamb,,,,90.200,1.0840,0.025,bldgtyp calc,Fixed [ Jamb Head ].pdf (https://v5.airtableusercontent.com/v3/u/54/54/1780603200000/RpFM54Ys7tpf4EXxt7IDZw/tIcWR1xYCEzPC41IBpk2KC3yF4TY_x4Nkw9d52aoM6xTNUj6bmzjzHZWGQkXuKjR6TPqm5YEPd_ofyW2yt8Uh2eX7_TC7h5gJxTxVvr6fYsqZKiegL0aHdUvrgzA9kG4cpJY1Aen4EyBt4Bx-Ji8D8G-ulwP-HjCrnkDh5vwB3s/sBnsASal1_Cl0grEG8rbYd0zANjPElOBAgagW0fydSE),,,3.551,0.191,0.014,
Zola | ThermoPlus Clad II | Window | Fixed | Sill,Zola,ThermoPlus Clad II,Window,Fixed,Sill,,,,90.200,1.1470,0.026,bldgtyp calc,Fixed [ Sill ].pdf (https://v5.airtableusercontent.com/v3/u/54/54/1780603200000/Lmpx6ZGMebUAQzO61Onxuw/x1fG7AFeAmMA8sA9aNcfp3q7fWdBTk4vaI3ANCdssDohQdxPPVp_ByQfrHAgPNq9tCV7qGRRgHY3FulusMHdFtuuAjHlvhhvl12rnWgprqoLrIr7H5LHkSy28zxHMI-GsOUiztiCJ6NsY1nkCC0fYwf2NeXQUV1j_dPmvYyZlBg/8PbkeIfNx2sVLEjN0D4xMt8ujL4S7Q71MuwxCmqv1YQ),,,3.551,0.202,0.015,
Zola | ThermoPlus Clad III | Window | Fixed | Head,Zola,ThermoPlus Clad III,Window,Fixed,Head,,,,75.000,1.0720,0.030,bldgtyp calc,Zola ThermoPlusClad III_Fixed.pdf (https://v5.airtableusercontent.com/v3/u/54/54/1780603200000/5C6vxEOa_hw1b7aQ6an2yg/IbB86ET8Nv53QPzzIhCi-5wq1jd4ViPfW4-9S8zrmmzY5jSEjC-Q3-musHc3r5GZdjtBWe-k4H-zd0VQUWciiH9f4oPC5lA_FMM0kf4t1uNg_auD8EmulJ2n5hWtycRTCz4ZQ-xUSKFUYWkCqEE744ZmTWFn9Da7scnuAjj9LF293cg9FFYvfgIlQcnbb0BC/efSoDkR0PZDueosrxmsqrLl-yxiA7iOIe19LPChsj8g),,,2.953,0.189,0.017,ALUM-CLAD-WOOD
Zola | ThermoPlus Clad III | Window | Fixed | Jamb,Zola,ThermoPlus Clad III,Window,Fixed,Jamb,,,,75.000,1.0720,0.030,bldgtyp calc,Zola ThermoPlusClad III_Fixed.pdf (https://v5.airtableusercontent.com/v3/u/54/54/1780603200000/5C6vxEOa_hw1b7aQ6an2yg/IbB86ET8Nv53QPzzIhCi-5wq1jd4ViPfW4-9S8zrmmzY5jSEjC-Q3-musHc3r5GZdjtBWe-k4H-zd0VQUWciiH9f4oPC5lA_FMM0kf4t1uNg_auD8EmulJ2n5hWtycRTCz4ZQ-xUSKFUYWkCqEE744ZmTWFn9Da7scnuAjj9LF293cg9FFYvfgIlQcnbb0BC/efSoDkR0PZDueosrxmsqrLl-yxiA7iOIe19LPChsj8g),,,2.953,0.189,0.017,
Zola | ThermoPlus Clad III | Window | Fixed | Sill,Zola,ThermoPlus Clad III,Window,Fixed,Sill,,,,75.000,1.0720,0.030,bldgtyp calc,Zola ThermoPlusClad III_Fixed.pdf (https://v5.airtableusercontent.com/v3/u/54/54/1780603200000/5C6vxEOa_hw1b7aQ6an2yg/IbB86ET8Nv53QPzzIhCi-5wq1jd4ViPfW4-9S8zrmmzY5jSEjC-Q3-musHc3r5GZdjtBWe-k4H-zd0VQUWciiH9f4oPC5lA_FMM0kf4t1uNg_auD8EmulJ2n5hWtycRTCz4ZQ-xUSKFUYWkCqEE744ZmTWFn9Da7scnuAjj9LF293cg9FFYvfgIlQcnbb0BC/efSoDkR0PZDueosrxmsqrLl-yxiA7iOIe19LPChsj8g),,,2.953,0.189,0.017,
Zola | ThermoPlus Clad III | Window | Tilt-Turn | Head,Zola,ThermoPlus Clad III,Window,Tilt-Turn,Head,,,,110.000,0.9223,0.025,bldgtyp calc,ThermoPlusClad III_Operable.pdf (https://v5.airtableusercontent.com/v3/u/54/54/1780603200000/isi5q06Uey3SYf9TNQDlZQ/EGouGxc77PBiLKj4lxgZ7ycW2jUh9Q6btuJySeZ5VN513pPjKFAmw2esxbb_KNHgxVd233EaQ7GNx8LZ-kDJ0ueEYvIjHSQYYymlO-5HGFAGa790e7WPwOXEciHAk1raB5DJsXAT6LDNYuEVeIx85yIijkaSPJ0JKSyHNdeCqxR80wAMSZl_bKidCM1j_lBr/sqFq9NqY8EPfiYjGlHklZNvGmd9tLuwBBGlfzl4in8w),,,4.331,0.162,0.014,
Zola | ThermoPlus Clad III | Window | Tilt-Turn | Jamb,Zola,ThermoPlus Clad III,Window,Tilt-Turn,Jamb,,,,110.000,0.9223,0.025,bldgtyp calc,ThermoPlusClad III_Operable.pdf (https://v5.airtableusercontent.com/v3/u/54/54/1780603200000/isi5q06Uey3SYf9TNQDlZQ/EGouGxc77PBiLKj4lxgZ7ycW2jUh9Q6btuJySeZ5VN513pPjKFAmw2esxbb_KNHgxVd233EaQ7GNx8LZ-kDJ0ueEYvIjHSQYYymlO-5HGFAGa790e7WPwOXEciHAk1raB5DJsXAT6LDNYuEVeIx85yIijkaSPJ0JKSyHNdeCqxR80wAMSZl_bKidCM1j_lBr/sqFq9NqY8EPfiYjGlHklZNvGmd9tLuwBBGlfzl4in8w),,,4.331,0.162,0.014,
Zola | ThermoPlus Clad III | Window | Tilt-Turn | Sill,Zola,ThermoPlus Clad III,Window,Tilt-Turn,Sill,,,,110.000,0.9223,0.025,bldgtyp calc,ThermoPlusClad III_Operable.pdf (https://v5.airtableusercontent.com/v3/u/54/54/1780603200000/isi5q06Uey3SYf9TNQDlZQ/EGouGxc77PBiLKj4lxgZ7ycW2jUh9Q6btuJySeZ5VN513pPjKFAmw2esxbb_KNHgxVd233EaQ7GNx8LZ-kDJ0ueEYvIjHSQYYymlO-5HGFAGa790e7WPwOXEciHAk1raB5DJsXAT6LDNYuEVeIx85yIijkaSPJ0JKSyHNdeCqxR80wAMSZl_bKidCM1j_lBr/sqFq9NqY8EPfiYjGlHklZNvGmd9tLuwBBGlfzl4in8w),,,4.331,0.162,0.014,